,Year,Percentage,Country,Activities
1,2016,5.4,SINGAPORE,cultural events & festivals
2,2016,7.2,THAILAND,cultural events & festivals
3,2016,1.9,INDONESIA,cultural events & festivals
4,2016,0.7,BRUNEI,cultural events & festivals
5,2016,1.1,PHILIPPINES,cultural events & festivals
6,2016,6.5,VIETNAM,cultural events & festivals
7,2016,5.5,CHINA,cultural events & festivals
8,2016,8.6,JAPAN,cultural events & festivals
9,2016,11.3,SOUTH.KOREA,cultural events & festivals
10,2016,1.8,TAIWAN,cultural events & festivals
11,2016,7.3,INDIA,cultural events & festivals
12,2016,6.9,PAKISTAN,cultural events & festivals
13,2016,10.2,SAUDI.ARABIA,cultural events & festivals
14,2016,2.4,UNITED.ARAB.EMIRATES,cultural events & festivals
15,2016,28.1,OMAN,cultural events & festivals
16,2016,0,KUWAIT,cultural events & festivals
17,2016,3.1,IRAN,cultural events & festivals
18,2016,7.4,CANADA,cultural events & festivals
19,2016,7.6,USA,cultural events & festivals
20,2016,11.8,UNITED.KINGDOM,cultural events & festivals
21,2016,27.6,IRELAND,cultural events & festivals
22,2016,13.1,SWEDEN,cultural events & festivals
23,2016,5.8,DENMARK,cultural events & festivals
24,2016,13.4,FINLAND,cultural events & festivals
25,2016,3.6,NORWAY,cultural events & festivals
26,2016,11.5,ITALY,cultural events & festivals
27,2016,11.5,SPAIN,cultural events & festivals
28,2016,11.4,FRANCE,cultural events & festivals
29,2016,14.6,BELGIUM,cultural events & festivals
30,2016,17,NETHERLANDS,cultural events & festivals
31,2016,8.8,GERMANY,cultural events & festivals
32,2016,13.5,SWITZERLAND,cultural events & festivals
33,2016,5.9,RUSSIA,cultural events & festivals
34,2016,11.5,AUSTRALIA,cultural events & festivals
35,2016,17.2,NEW.ZEALAND,cultural events & festivals
36,2016,2.8,SOUTH.AFRICA,cultural events & festivals
37,2016,6.5,CENTRAL.ASIA,cultural events & festivals
45,2017,7.4,SINGAPORE,cultural events & festivals
46,2017,13.4,THAILAND,cultural events & festivals
47,2017,1.8,INDONESIA,cultural events & festivals
48,2017,1.7,BRUNEI,cultural events & festivals
49,2017,2.2,PHILIPPINES,cultural events & festivals
50,2017,10.7,VIETNAM,cultural events & festivals
51,2017,13.8,CHINA,cultural events & festivals
52,2017,18.9,JAPAN,cultural events & festivals
53,2017,14.3,SOUTH.KOREA,cultural events & festivals
54,2017,12.2,TAIWAN,cultural events & festivals
55,2017,17.6,INDIA,cultural events & festivals
56,2017,7.2,PAKISTAN,cultural events & festivals
57,2017,9.4,SAUDI.ARABIA,cultural events & festivals
58,2017,2.1,UNITED.ARAB.EMIRATES,cultural events & festivals
59,2017,6.1,OMAN,cultural events & festivals
60,2017,3.7,KUWAIT,cultural events & festivals
61,2017,2.1,IRAN,cultural events & festivals
62,2017,16.8,CANADA,cultural events & festivals
63,2017,18.8,USA,cultural events & festivals
64,2017,8.3,UNITED.KINGDOM,cultural events & festivals
65,2017,52.1,IRELAND,cultural events & festivals
66,2017,24.9,SWEDEN,cultural events & festivals
67,2017,15.7,DENMARK,cultural events & festivals
68,2017,9.5,FINLAND,cultural events & festivals
69,2017,3.8,NORWAY,cultural events & festivals
70,2017,40,ITALY,cultural events & festivals
71,2017,46.8,SPAIN,cultural events & festivals
72,2017,37.3,FRANCE,cultural events & festivals
73,2017,42,BELGIUM,cultural events & festivals
74,2017,36.5,NETHERLANDS,cultural events & festivals
75,2017,18.8,GERMANY,cultural events & festivals
76,2017,13,SWITZERLAND,cultural events & festivals
77,2017,25.8,RUSSIA,cultural events & festivals
78,2017,29.3,AUSTRALIA,cultural events & festivals
79,2017,24.2,NEW.ZEALAND,cultural events & festivals
80,2017,0,SOUTH.AFRICA,cultural events & festivals
81,2017,3.6,CENTRAL.ASIA,cultural events & festivals
89,2018,17.9,SINGAPORE,cultural events & festivals
90,2018,14.1,THAILAND,cultural events & festivals
91,2018,8.8,INDONESIA,cultural events & festivals
92,2018,4.3,BRUNEI,cultural events & festivals
93,2018,7.4,PHILIPPINES,cultural events & festivals
94,2018,10.7,VIETNAM,cultural events & festivals
95,2018,21.9,CHINA,cultural events & festivals
96,2018,8.3,JAPAN,cultural events & festivals
97,2018,22.6,SOUTH.KOREA,cultural events & festivals
98,2018,7.6,TAIWAN,cultural events & festivals
99,2018,28,INDIA,cultural events & festivals
100,2018,6.3,PAKISTAN,cultural events & festivals
101,2018,8.7,SAUDI.ARABIA,cultural events & festivals
102,2018,7.4,UNITED.ARAB.EMIRATES,cultural events & festivals
103,2018,5.1,OMAN,cultural events & festivals
104,2018,2.8,KUWAIT,cultural events & festivals
105,2018,8.9,IRAN,cultural events & festivals
106,2018,17.1,CANADA,cultural events & festivals
107,2018,19.3,USA,cultural events & festivals
108,2018,25,UNITED.KINGDOM,cultural events & festivals
109,2018,4.1,IRELAND,cultural events & festivals
110,2018,11.5,SWEDEN,cultural events & festivals
111,2018,11.4,DENMARK,cultural events & festivals
112,2018,15.2,FINLAND,cultural events & festivals
113,2018,15,NORWAY,cultural events & festivals
114,2018,20.4,ITALY,cultural events & festivals
115,2018,37.7,SPAIN,cultural events & festivals
116,2018,22.2,FRANCE,cultural events & festivals
117,2018,7.4,BELGIUM,cultural events & festivals
118,2018,8.3,NETHERLANDS,cultural events & festivals
119,2018,29.3,GERMANY,cultural events & festivals
120,2018,14.3,SWITZERLAND,cultural events & festivals
121,2018,10.4,RUSSIA,cultural events & festivals
122,2018,50.5,AUSTRALIA,cultural events & festivals
123,2018,35.6,NEW.ZEALAND,cultural events & festivals
124,2018,9.1,SOUTH.AFRICA,cultural events & festivals
125,2018,7.2,CENTRAL.ASIA,cultural events & festivals
133,2019,5.5,SINGAPORE,cultural events & festivals
134,2019,2.9,THAILAND,cultural events & festivals
135,2019,5.1,INDONESIA,cultural events & festivals
136,2019,3.9,BRUNEI,cultural events & festivals
137,2019,6.5,PHILIPPINES,cultural events & festivals
138,2019,16.4,VIETNAM,cultural events & festivals
139,2019,8,CHINA,cultural events & festivals
140,2019,10.8,JAPAN,cultural events & festivals
141,2019,9,SOUTH.KOREA,cultural events & festivals
142,2019,2.8,TAIWAN,cultural events & festivals
143,2019,17.2,INDIA,cultural events & festivals
144,2019,4,PAKISTAN,cultural events & festivals
145,2019,20.3,SAUDI.ARABIA,cultural events & festivals
146,2019,11,UNITED.ARAB.EMIRATES,cultural events & festivals
147,2019,16.4,OMAN,cultural events & festivals
148,2019,8.7,KUWAIT,cultural events & festivals
149,2019,7.6,IRAN,cultural events & festivals
150,2019,6.4,CANADA,cultural events & festivals
151,2019,14.1,USA,cultural events & festivals
152,2019,15,UNITED.KINGDOM,cultural events & festivals
153,2019,9.7,IRELAND,cultural events & festivals
154,2019,16.4,SWEDEN,cultural events & festivals
155,2019,17.9,DENMARK,cultural events & festivals
156,2019,20,FINLAND,cultural events & festivals
157,2019,7.3,NORWAY,cultural events & festivals
158,2019,12.5,ITALY,cultural events & festivals
159,2019,25.8,SPAIN,cultural events & festivals
160,2019,17,FRANCE,cultural events & festivals
161,2019,11.7,BELGIUM,cultural events & festivals
162,2019,16.1,NETHERLANDS,cultural events & festivals
163,2019,23.5,GERMANY,cultural events & festivals
164,2019,28.2,SWITZERLAND,cultural events & festivals
165,2019,14.3,RUSSIA,cultural events & festivals
166,2019,12.4,AUSTRALIA,cultural events & festivals
167,2019,4.2,NEW.ZEALAND,cultural events & festivals
168,2019,9.6,SOUTH.AFRICA,cultural events & festivals
169,2019,9.2,CENTRAL.ASIA,cultural events & festivals
177,2016,89.2,SINGAPORE,shopping
178,2016,77.8,THAILAND,shopping
179,2016,78.8,INDONESIA,shopping
180,2016,94.3,BRUNEI,shopping
181,2016,81.3,PHILIPPINES,shopping
182,2016,94.6,VIETNAM,shopping
183,2016,96.1,CHINA,shopping
184,2016,83.1,JAPAN,shopping
185,2016,68.8,SOUTH.KOREA,shopping
186,2016,93.4,TAIWAN,shopping
187,2016,82.2,INDIA,shopping
188,2016,88.7,PAKISTAN,shopping
189,2016,94.4,SAUDI.ARABIA,shopping
190,2016,87.8,UNITED.ARAB.EMIRATES,shopping
191,2016,92.2,OMAN,shopping
192,2016,100,KUWAIT,shopping
193,2016,92.2,IRAN,shopping
194,2016,69.7,CANADA,shopping
195,2016,73.8,USA,shopping
196,2016,73.4,UNITED.KINGDOM,shopping
197,2016,74.7,IRELAND,shopping
198,2016,87.8,SWEDEN,shopping
199,2016,88.5,DENMARK,shopping
200,2016,80.9,FINLAND,shopping
201,2016,89.1,NORWAY,shopping
202,2016,73.9,ITALY,shopping
203,2016,69.5,SPAIN,shopping
204,2016,70.9,FRANCE,shopping
205,2016,79.2,BELGIUM,shopping
206,2016,76.5,NETHERLANDS,shopping
207,2016,71,GERMANY,shopping
208,2016,76,SWITZERLAND,shopping
209,2016,72.7,RUSSIA,shopping
210,2016,76.5,AUSTRALIA,shopping
211,2016,89,NEW.ZEALAND,shopping
212,2016,73.6,SOUTH.AFRICA,shopping
213,2016,88.9,CENTRAL.ASIA,shopping
221,2017,88.4,SINGAPORE,shopping
222,2017,48.7,THAILAND,shopping
223,2017,67,INDONESIA,shopping
224,2017,87.6,BRUNEI,shopping
225,2017,73.5,PHILIPPINES,shopping
226,2017,88.8,VIETNAM,shopping
227,2017,32.6,CHINA,shopping
228,2017,34,JAPAN,shopping
229,2017,24.6,SOUTH.KOREA,shopping
230,2017,26.4,TAIWAN,shopping
231,2017,68.8,INDIA,shopping
232,2017,61.6,PAKISTAN,shopping
233,2017,45.5,SAUDI.ARABIA,shopping
234,2017,59.7,UNITED.ARAB.EMIRATES,shopping
235,2017,48.9,OMAN,shopping
236,2017,43.5,KUWAIT,shopping
237,2017,76.8,IRAN,shopping
238,2017,22.7,CANADA,shopping
239,2017,29.9,USA,shopping
240,2017,29.7,UNITED.KINGDOM,shopping
241,2017,42.3,IRELAND,shopping
242,2017,31.9,SWEDEN,shopping
243,2017,39.2,DENMARK,shopping
244,2017,47.1,FINLAND,shopping
245,2017,44.2,NORWAY,shopping
246,2017,28,ITALY,shopping
247,2017,34.5,SPAIN,shopping
248,2017,34.8,FRANCE,shopping
249,2017,26.7,BELGIUM,shopping
250,2017,32.5,NETHERLANDS,shopping
251,2017,28.6,GERMANY,shopping
252,2017,28.9,SWITZERLAND,shopping
253,2017,60.2,RUSSIA,shopping
254,2017,31.3,AUSTRALIA,shopping
255,2017,33.8,NEW.ZEALAND,shopping
256,2017,55.3,SOUTH.AFRICA,shopping
257,2017,60.6,CENTRAL.ASIA,shopping
265,2018,80.6,SINGAPORE,shopping
266,2018,80.6,THAILAND,shopping
267,2018,74.5,INDONESIA,shopping
268,2018,79.2,BRUNEI,shopping
269,2018,90.4,PHILIPPINES,shopping
270,2018,83.8,VIETNAM,shopping
271,2018,88.6,CHINA,shopping
272,2018,82.9,JAPAN,shopping
273,2018,86.6,SOUTH.KOREA,shopping
274,2018,92,TAIWAN,shopping
275,2018,88,INDIA,shopping
276,2018,85.3,PAKISTAN,shopping
277,2018,92.8,SAUDI.ARABIA,shopping
278,2018,91.1,UNITED.ARAB.EMIRATES,shopping
279,2018,94.2,OMAN,shopping
280,2018,93.8,KUWAIT,shopping
281,2018,81.7,IRAN,shopping
282,2018,75.4,CANADA,shopping
283,2018,79,USA,shopping
284,2018,94.9,UNITED.KINGDOM,shopping
285,2018,84.2,IRELAND,shopping
286,2018,77.3,SWEDEN,shopping
287,2018,77.7,DENMARK,shopping
288,2018,79.3,FINLAND,shopping
289,2018,75.2,NORWAY,shopping
290,2018,82.2,ITALY,shopping
291,2018,80.2,SPAIN,shopping
292,2018,85.7,FRANCE,shopping
293,2018,82.7,BELGIUM,shopping
294,2018,83.7,NETHERLANDS,shopping
295,2018,77.8,GERMANY,shopping
296,2018,80.6,SWITZERLAND,shopping
297,2018,85.9,RUSSIA,shopping
298,2018,72.3,AUSTRALIA,shopping
299,2018,80.2,NEW.ZEALAND,shopping
300,2018,83.8,SOUTH.AFRICA,shopping
301,2018,89.1,CENTRAL.ASIA,shopping
309,2019,82.2,SINGAPORE,shopping
310,2019,68.9,THAILAND,shopping
311,2019,71.9,INDONESIA,shopping
312,2019,94.5,BRUNEI,shopping
313,2019,80,PHILIPPINES,shopping
314,2019,81.8,VIETNAM,shopping
315,2019,85.9,CHINA,shopping
316,2019,75.2,JAPAN,shopping
317,2019,93.1,SOUTH.KOREA,shopping
318,2019,82.3,TAIWAN,shopping
319,2019,84.1,INDIA,shopping
320,2019,79.5,PAKISTAN,shopping
321,2019,90.6,SAUDI.ARABIA,shopping
322,2019,86,UNITED.ARAB.EMIRATES,shopping
323,2019,88.2,OMAN,shopping
324,2019,96.7,KUWAIT,shopping
325,2019,72,IRAN,shopping
326,2019,54.7,CANADA,shopping
327,2019,62.1,USA,shopping
328,2019,69.1,UNITED.KINGDOM,shopping
329,2019,61.3,IRELAND,shopping
330,2019,66.4,SWEDEN,shopping
331,2019,65.3,DENMARK,shopping
332,2019,90.5,FINLAND,shopping
333,2019,85.5,NORWAY,shopping
334,2019,75.6,ITALY,shopping
335,2019,74.3,SPAIN,shopping
336,2019,76,FRANCE,shopping
337,2019,78.9,BELGIUM,shopping
338,2019,72.2,NETHERLANDS,shopping
339,2019,75,GERMANY,shopping
340,2019,75.3,SWITZERLAND,shopping
341,2019,69.2,RUSSIA,shopping
342,2019,64.9,AUSTRALIA,shopping
343,2019,64.1,NEW.ZEALAND,shopping
344,2019,83.6,SOUTH.AFRICA,shopping
345,2019,79.6,CENTRAL.ASIA,shopping
353,2016,1.8,SINGAPORE,Visiting museum
354,2016,0.6,THAILAND,Visiting museum
355,2016,0.2,INDONESIA,Visiting museum
356,2016,2.6,BRUNEI,Visiting museum
357,2016,0,PHILIPPINES,Visiting museum
358,2016,0.4,VIETNAM,Visiting museum
359,2016,7.2,CHINA,Visiting museum
360,2016,12.1,JAPAN,Visiting museum
361,2016,1.9,SOUTH.KOREA,Visiting museum
362,2016,14.7,TAIWAN,Visiting museum
363,2016,0.3,INDIA,Visiting museum
364,2016,0.5,PAKISTAN,Visiting museum
365,2016,0.7,SAUDI.ARABIA,Visiting museum
366,2016,4.9,UNITED.ARAB.EMIRATES,Visiting museum
367,2016,0,OMAN,Visiting museum
368,2016,0,KUWAIT,Visiting museum
369,2016,1.5,IRAN,Visiting museum
370,2016,0.9,CANADA,Visiting museum
371,2016,1.9,USA,Visiting museum
372,2016,0.9,UNITED.KINGDOM,Visiting museum
373,2016,0,IRELAND,Visiting museum
374,2016,0.4,SWEDEN,Visiting museum
375,2016,0.7,DENMARK,Visiting museum
376,2016,0,FINLAND,Visiting museum
377,2016,0,NORWAY,Visiting museum
378,2016,1.2,ITALY,Visiting museum
379,2016,0,SPAIN,Visiting museum
380,2016,0.6,FRANCE,Visiting museum
381,2016,1,BELGIUM,Visiting museum
382,2016,1.5,NETHERLANDS,Visiting museum
383,2016,1.1,GERMANY,Visiting museum
384,2016,0,SWITZERLAND,Visiting museum
385,2016,0,RUSSIA,Visiting museum
386,2016,0.1,AUSTRALIA,Visiting museum
387,2016,0,NEW.ZEALAND,Visiting museum
388,2016,4.2,SOUTH.AFRICA,Visiting museum
389,2016,0,CENTRAL.ASIA,Visiting museum
397,2017,11.5,SINGAPORE,Visiting museum
398,2017,3.2,THAILAND,Visiting museum
399,2017,0.3,INDONESIA,Visiting museum
400,2017,18.6,BRUNEI,Visiting museum
401,2017,5.9,PHILIPPINES,Visiting museum
402,2017,0.1,VIETNAM,Visiting museum
403,2017,25.8,CHINA,Visiting museum
404,2017,22.6,JAPAN,Visiting museum
405,2017,16.6,SOUTH.KOREA,Visiting museum
406,2017,33.3,TAIWAN,Visiting museum
407,2017,0.3,INDIA,Visiting museum
408,2017,0,PAKISTAN,Visiting museum
409,2017,0,SAUDI.ARABIA,Visiting museum
410,2017,4.3,UNITED.ARAB.EMIRATES,Visiting museum
411,2017,0,OMAN,Visiting museum
412,2017,0,KUWAIT,Visiting museum
413,2017,1.2,IRAN,Visiting museum
414,2017,2,CANADA,Visiting museum
415,2017,0.9,USA,Visiting museum
416,2017,1,UNITED.KINGDOM,Visiting museum
417,2017,0,IRELAND,Visiting museum
418,2017,1.8,SWEDEN,Visiting museum
419,2017,0,DENMARK,Visiting museum
420,2017,0,FINLAND,Visiting museum
421,2017,0,NORWAY,Visiting museum
422,2017,2,ITALY,Visiting museum
423,2017,0.5,SPAIN,Visiting museum
424,2017,0.2,FRANCE,Visiting museum
425,2017,0,BELGIUM,Visiting museum
426,2017,0.7,NETHERLANDS,Visiting museum
427,2017,0.9,GERMANY,Visiting museum
428,2017,2.2,SWITZERLAND,Visiting museum
429,2017,0,RUSSIA,Visiting museum
430,2017,1.3,AUSTRALIA,Visiting museum
431,2017,1.2,NEW.ZEALAND,Visiting museum
432,2017,3.1,SOUTH.AFRICA,Visiting museum
433,2017,0,CENTRAL.ASIA,Visiting museum
441,2018,26.3,SINGAPORE,Visiting museum
442,2018,53.4,THAILAND,Visiting museum
443,2018,22.4,INDONESIA,Visiting museum
444,2018,8.2,BRUNEI,Visiting museum
445,2018,31.1,PHILIPPINES,Visiting museum
446,2018,56.8,VIETNAM,Visiting museum
447,2018,55.2,CHINA,Visiting museum
448,2018,27.4,JAPAN,Visiting museum
449,2018,25.5,SOUTH.KOREA,Visiting museum
450,2018,20,TAIWAN,Visiting museum
451,2018,42.7,INDIA,Visiting museum
452,2018,38.4,PAKISTAN,Visiting museum
453,2018,32.1,SAUDI.ARABIA,Visiting museum
454,2018,17.5,UNITED.ARAB.EMIRATES,Visiting museum
455,2018,30.8,OMAN,Visiting museum
456,2018,16.1,KUWAIT,Visiting museum
457,2018,36.1,IRAN,Visiting museum
458,2018,37.8,CANADA,Visiting museum
459,2018,46.7,USA,Visiting museum
460,2018,48.1,UNITED.KINGDOM,Visiting museum
461,2018,25.1,IRELAND,Visiting museum
462,2018,22.7,SWEDEN,Visiting museum
463,2018,59.2,DENMARK,Visiting museum
464,2018,53.3,FINLAND,Visiting museum
465,2018,23.3,NORWAY,Visiting museum
466,2018,28.2,ITALY,Visiting museum
467,2018,65.4,SPAIN,Visiting museum
468,2018,56.6,FRANCE,Visiting museum
469,2018,25.7,BELGIUM,Visiting museum
470,2018,39.9,NETHERLANDS,Visiting museum
471,2018,56,GERMANY,Visiting museum
472,2018,26,SWITZERLAND,Visiting museum
473,2018,39.3,RUSSIA,Visiting museum
474,2018,56.8,AUSTRALIA,Visiting museum
475,2018,24.1,NEW.ZEALAND,Visiting museum
476,2018,22.7,SOUTH.AFRICA,Visiting museum
477,2018,28.2,CENTRAL.ASIA,Visiting museum
485,2019,9.1,SINGAPORE,Visiting museum
486,2019,27.9,THAILAND,Visiting museum
487,2019,16.4,INDONESIA,Visiting museum
488,2019,10.5,BRUNEI,Visiting museum
489,2019,22.1,PHILIPPINES,Visiting museum
490,2019,53.7,VIETNAM,Visiting museum
491,2019,33,CHINA,Visiting museum
492,2019,31.9,JAPAN,Visiting museum
493,2019,24.3,SOUTH.KOREA,Visiting museum
494,2019,27.4,TAIWAN,Visiting museum
495,2019,31.8,INDIA,Visiting museum
496,2019,22.8,PAKISTAN,Visiting museum
497,2019,39.4,SAUDI.ARABIA,Visiting museum
498,2019,41.5,UNITED.ARAB.EMIRATES,Visiting museum
499,2019,35.9,OMAN,Visiting museum
500,2019,27.3,KUWAIT,Visiting museum
501,2019,28.4,IRAN,Visiting museum
502,2019,46.8,CANADA,Visiting museum
503,2019,35.4,USA,Visiting museum
504,2019,40.4,UNITED.KINGDOM,Visiting museum
505,2019,24.7,IRELAND,Visiting museum
506,2019,52.7,SWEDEN,Visiting museum
507,2019,31.6,DENMARK,Visiting museum
508,2019,29.5,FINLAND,Visiting museum
509,2019,40,NORWAY,Visiting museum
510,2019,32.1,ITALY,Visiting museum
511,2019,37.1,SPAIN,Visiting museum
512,2019,35,FRANCE,Visiting museum
513,2019,45.6,BELGIUM,Visiting museum
514,2019,42.7,NETHERLANDS,Visiting museum
515,2019,47,GERMANY,Visiting museum
516,2019,52.4,SWITZERLAND,Visiting museum
517,2019,24.1,RUSSIA,Visiting museum
518,2019,36.9,AUSTRALIA,Visiting museum
519,2019,43,NEW.ZEALAND,Visiting museum
520,2019,42.5,SOUTH.AFRICA,Visiting museum
521,2019,27.1,CENTRAL.ASIA,Visiting museum
529,2016,1.8,SINGAPORE,Golfing
530,2016,0.6,THAILAND,Golfing
531,2016,0.2,INDONESIA,Golfing
532,2016,2.6,BRUNEI,Golfing
533,2016,0,PHILIPPINES,Golfing
534,2016,0.4,VIETNAM,Golfing
535,2016,7.2,CHINA,Golfing
536,2016,12.1,JAPAN,Golfing
537,2016,1.9,SOUTH.KOREA,Golfing
538,2016,14.7,TAIWAN,Golfing
539,2016,0.3,INDIA,Golfing
540,2016,0.5,PAKISTAN,Golfing
541,2016,0.7,SAUDI.ARABIA,Golfing
542,2016,4.9,UNITED.ARAB.EMIRATES,Golfing
543,2016,0,OMAN,Golfing
544,2016,0,KUWAIT,Golfing
545,2016,1.5,IRAN,Golfing
546,2016,0.9,CANADA,Golfing
547,2016,1.9,USA,Golfing
548,2016,0.9,UNITED.KINGDOM,Golfing
549,2016,0,IRELAND,Golfing
550,2016,0.4,SWEDEN,Golfing
551,2016,0.7,DENMARK,Golfing
552,2016,0,FINLAND,Golfing
553,2016,0,NORWAY,Golfing
554,2016,1.2,ITALY,Golfing
555,2016,0,SPAIN,Golfing
556,2016,0.6,FRANCE,Golfing
557,2016,1,BELGIUM,Golfing
558,2016,1.5,NETHERLANDS,Golfing
559,2016,1.1,GERMANY,Golfing
560,2016,0,SWITZERLAND,Golfing
561,2016,0,RUSSIA,Golfing
562,2016,0.1,AUSTRALIA,Golfing
563,2016,0,NEW.ZEALAND,Golfing
564,2016,4.2,SOUTH.AFRICA,Golfing
565,2016,0,CENTRAL.ASIA,Golfing
573,2017,11.5,SINGAPORE,Golfing
574,2017,3.2,THAILAND,Golfing
575,2017,0.3,INDONESIA,Golfing
576,2017,18.6,BRUNEI,Golfing
577,2017,5.9,PHILIPPINES,Golfing
578,2017,0.1,VIETNAM,Golfing
579,2017,25.8,CHINA,Golfing
580,2017,22.6,JAPAN,Golfing
581,2017,16.6,SOUTH.KOREA,Golfing
582,2017,33.3,TAIWAN,Golfing
583,2017,0.3,INDIA,Golfing
584,2017,0,PAKISTAN,Golfing
585,2017,0,SAUDI.ARABIA,Golfing
586,2017,4.3,UNITED.ARAB.EMIRATES,Golfing
587,2017,0,OMAN,Golfing
588,2017,0,KUWAIT,Golfing
589,2017,1.2,IRAN,Golfing
590,2017,2,CANADA,Golfing
591,2017,0.9,USA,Golfing
592,2017,1,UNITED.KINGDOM,Golfing
593,2017,0,IRELAND,Golfing
594,2017,1.8,SWEDEN,Golfing
595,2017,0,DENMARK,Golfing
596,2017,0,FINLAND,Golfing
597,2017,0,NORWAY,Golfing
598,2017,2,ITALY,Golfing
599,2017,0.5,SPAIN,Golfing
600,2017,0.2,FRANCE,Golfing
601,2017,0,BELGIUM,Golfing
602,2017,0.7,NETHERLANDS,Golfing
603,2017,0.9,GERMANY,Golfing
604,2017,2.2,SWITZERLAND,Golfing
605,2017,0,RUSSIA,Golfing
606,2017,1.3,AUSTRALIA,Golfing
607,2017,1.2,NEW.ZEALAND,Golfing
608,2017,3.1,SOUTH.AFRICA,Golfing
609,2017,0,CENTRAL.ASIA,Golfing
617,2018,3.8,SINGAPORE,Golfing
618,2018,1.3,THAILAND,Golfing
619,2018,3.2,INDONESIA,Golfing
620,2018,2.3,BRUNEI,Golfing
621,2018,1,PHILIPPINES,Golfing
622,2018,4.5,VIETNAM,Golfing
623,2018,13,CHINA,Golfing
624,2018,9.9,JAPAN,Golfing
625,2018,5.9,SOUTH.KOREA,Golfing
626,2018,2.8,TAIWAN,Golfing
627,2018,14.3,INDIA,Golfing
628,2018,0.7,PAKISTAN,Golfing
629,2018,1.1,SAUDI.ARABIA,Golfing
630,2018,1.2,UNITED.ARAB.EMIRATES,Golfing
631,2018,0.7,OMAN,Golfing
632,2018,0,KUWAIT,Golfing
633,2018,2.4,IRAN,Golfing
634,2018,6,CANADA,Golfing
635,2018,3.7,USA,Golfing
636,2018,4,UNITED.KINGDOM,Golfing
637,2018,33.9,IRELAND,Golfing
638,2018,1.4,SWEDEN,Golfing
639,2018,1,DENMARK,Golfing
640,2018,4.1,FINLAND,Golfing
641,2018,0.8,NORWAY,Golfing
642,2018,12.5,ITALY,Golfing
643,2018,0.9,SPAIN,Golfing
644,2018,1.6,FRANCE,Golfing
645,2018,1,BELGIUM,Golfing
646,2018,2.7,NETHERLANDS,Golfing
647,2018,1.8,GERMANY,Golfing
648,2018,5.1,SWITZERLAND,Golfing
649,2018,0.2,RUSSIA,Golfing
650,2018,8,AUSTRALIA,Golfing
651,2018,3.9,NEW.ZEALAND,Golfing
652,2018,0.6,SOUTH.AFRICA,Golfing
653,2018,0.4,CENTRAL.ASIA,Golfing
661,2019,0.2,SINGAPORE,Golfing
662,2019,0,THAILAND,Golfing
663,2019,0.3,INDONESIA,Golfing
664,2019,0.4,BRUNEI,Golfing
665,2019,0.7,PHILIPPINES,Golfing
666,2019,0.4,VIETNAM,Golfing
667,2019,0.1,CHINA,Golfing
668,2019,0,JAPAN,Golfing
669,2019,1.1,SOUTH.KOREA,Golfing
670,2019,0,TAIWAN,Golfing
671,2019,0.2,INDIA,Golfing
672,2019,0,PAKISTAN,Golfing
673,2019,0.2,SAUDI.ARABIA,Golfing
674,2019,0,UNITED.ARAB.EMIRATES,Golfing
675,2019,0.7,OMAN,Golfing
676,2019,0.7,KUWAIT,Golfing
677,2019,0,IRAN,Golfing
678,2019,1,CANADA,Golfing
679,2019,0.1,USA,Golfing
680,2019,0.4,UNITED.KINGDOM,Golfing
681,2019,0,IRELAND,Golfing
682,2019,0,SWEDEN,Golfing
683,2019,0,DENMARK,Golfing
684,2019,0,FINLAND,Golfing
685,2019,0,NORWAY,Golfing
686,2019,0,ITALY,Golfing
687,2019,0,SPAIN,Golfing
688,2019,0.1,FRANCE,Golfing
689,2019,0,BELGIUM,Golfing
690,2019,0,NETHERLANDS,Golfing
691,2019,0,GERMANY,Golfing
692,2019,0,SWITZERLAND,Golfing
693,2019,0,RUSSIA,Golfing
694,2019,1.1,AUSTRALIA,Golfing
695,2019,2.1,NEW.ZEALAND,Golfing
696,2019,0,SOUTH.AFRICA,Golfing
697,2019,0,CENTRAL.ASIA,Golfing
705,2016,2.5,SINGAPORE,River cruise
706,2016,1.2,THAILAND,River cruise
707,2016,0.4,INDONESIA,River cruise
708,2016,0.1,BRUNEI,River cruise
709,2016,5,PHILIPPINES,River cruise
710,2016,0.9,VIETNAM,River cruise
711,2016,13.5,CHINA,River cruise
712,2016,3.1,JAPAN,River cruise
713,2016,1.9,SOUTH.KOREA,River cruise
714,2016,29.3,TAIWAN,River cruise
715,2016,1.7,INDIA,River cruise
716,2016,0.3,PAKISTAN,River cruise
717,2016,1.8,SAUDI.ARABIA,River cruise
718,2016,2.4,UNITED.ARAB.EMIRATES,River cruise
719,2016,14.1,OMAN,River cruise
720,2016,0,KUWAIT,River cruise
721,2016,0.7,IRAN,River cruise
722,2016,9,CANADA,River cruise
723,2016,3.2,USA,River cruise
724,2016,4.4,UNITED.KINGDOM,River cruise
725,2016,0,IRELAND,River cruise
726,2016,10,SWEDEN,River cruise
727,2016,1.4,DENMARK,River cruise
728,2016,1.3,FINLAND,River cruise
729,2016,1.8,NORWAY,River cruise
730,2016,4.7,ITALY,River cruise
731,2016,3.5,SPAIN,River cruise
732,2016,6.9,FRANCE,River cruise
733,2016,2.1,BELGIUM,River cruise
734,2016,1.9,NETHERLANDS,River cruise
735,2016,5.8,GERMANY,River cruise
736,2016,5.7,SWITZERLAND,River cruise
737,2016,2.7,RUSSIA,River cruise
738,2016,3.5,AUSTRALIA,River cruise
739,2016,3.1,NEW.ZEALAND,River cruise
740,2016,0,SOUTH.AFRICA,River cruise
741,2016,0.9,CENTRAL.ASIA,River cruise
749,2017,7.8,SINGAPORE,River cruise
750,2017,8.8,THAILAND,River cruise
751,2017,3.5,INDONESIA,River cruise
752,2017,1.1,BRUNEI,River cruise
753,2017,15.8,PHILIPPINES,River cruise
754,2017,3.6,VIETNAM,River cruise
755,2017,20.6,CHINA,River cruise
756,2017,8.8,JAPAN,River cruise
757,2017,19.8,SOUTH.KOREA,River cruise
758,2017,48.4,TAIWAN,River cruise
759,2017,2.8,INDIA,River cruise
760,2017,1.3,PAKISTAN,River cruise
761,2017,1.8,SAUDI.ARABIA,River cruise
762,2017,2.1,UNITED.ARAB.EMIRATES,River cruise
763,2017,2.6,OMAN,River cruise
764,2017,0,KUWAIT,River cruise
765,2017,0,IRAN,River cruise
766,2017,29.6,CANADA,River cruise
767,2017,14.4,USA,River cruise
768,2017,7.7,UNITED.KINGDOM,River cruise
769,2017,11.1,IRELAND,River cruise
770,2017,12.9,SWEDEN,River cruise
771,2017,0,DENMARK,River cruise
772,2017,0,FINLAND,River cruise
773,2017,0,NORWAY,River cruise
774,2017,41,ITALY,River cruise
775,2017,2.3,SPAIN,River cruise
776,2017,33.4,FRANCE,River cruise
777,2017,4,BELGIUM,River cruise
778,2017,28.4,NETHERLANDS,River cruise
779,2017,24.3,GERMANY,River cruise
780,2017,13.8,SWITZERLAND,River cruise
781,2017,10.4,RUSSIA,River cruise
782,2017,12.9,AUSTRALIA,River cruise
783,2017,12.1,NEW.ZEALAND,River cruise
784,2017,3.1,SOUTH.AFRICA,River cruise
785,2017,1.2,CENTRAL.ASIA,River cruise
793,2018,6.2,SINGAPORE,River cruise
794,2018,0.9,THAILAND,River cruise
795,2018,4,INDONESIA,River cruise
796,2018,3.5,BRUNEI,River cruise
797,2018,3.9,PHILIPPINES,River cruise
798,2018,3.9,VIETNAM,River cruise
799,2018,19.1,CHINA,River cruise
800,2018,3.1,JAPAN,River cruise
801,2018,15.3,SOUTH.KOREA,River cruise
802,2018,25.4,TAIWAN,River cruise
803,2018,3.7,INDIA,River cruise
804,2018,1.2,PAKISTAN,River cruise
805,2018,7.9,SAUDI.ARABIA,River cruise
806,2018,5.4,UNITED.ARAB.EMIRATES,River cruise
807,2018,4.6,OMAN,River cruise
808,2018,1.4,KUWAIT,River cruise
809,2018,2.8,IRAN,River cruise
810,2018,7.4,CANADA,River cruise
811,2018,5.9,USA,River cruise
812,2018,7,UNITED.KINGDOM,River cruise
813,2018,2.9,IRELAND,River cruise
814,2018,4.5,SWEDEN,River cruise
815,2018,4.7,DENMARK,River cruise
816,2018,3.4,FINLAND,River cruise
817,2018,5.3,NORWAY,River cruise
818,2018,4.4,ITALY,River cruise
819,2018,2.9,SPAIN,River cruise
820,2018,3.3,FRANCE,River cruise
821,2018,2.5,BELGIUM,River cruise
822,2018,6.4,NETHERLANDS,River cruise
823,2018,4.9,GERMANY,River cruise
824,2018,8.7,SWITZERLAND,River cruise
825,2018,1.9,RUSSIA,River cruise
826,2018,6.3,AUSTRALIA,River cruise
827,2018,3.9,NEW.ZEALAND,River cruise
828,2018,1.9,SOUTH.AFRICA,River cruise
829,2018,1.8,CENTRAL.ASIA,River cruise
837,2019,1.7,SINGAPORE,River cruise
838,2019,1.1,THAILAND,River cruise
839,2019,1.1,INDONESIA,River cruise
840,2019,0.4,BRUNEI,River cruise
841,2019,1.3,PHILIPPINES,River cruise
842,2019,7.6,VIETNAM,River cruise
843,2019,21.7,CHINA,River cruise
844,2019,4.5,JAPAN,River cruise
845,2019,14,SOUTH.KOREA,River cruise
846,2019,24.6,TAIWAN,River cruise
847,2019,4,INDIA,River cruise
848,2019,4.6,PAKISTAN,River cruise
849,2019,1.9,SAUDI.ARABIA,River cruise
850,2019,1.8,UNITED.ARAB.EMIRATES,River cruise
851,2019,0.7,OMAN,River cruise
852,2019,4.7,KUWAIT,River cruise
853,2019,5.2,IRAN,River cruise
854,2019,4.9,CANADA,River cruise
855,2019,10.3,USA,River cruise
856,2019,4,UNITED.KINGDOM,River cruise
857,2019,3.2,IRELAND,River cruise
858,2019,1.4,SWEDEN,River cruise
859,2019,6.3,DENMARK,River cruise
860,2019,11.4,FINLAND,River cruise
861,2019,0,NORWAY,River cruise
862,2019,2.7,ITALY,River cruise
863,2019,4.1,SPAIN,River cruise
864,2019,4.1,FRANCE,River cruise
865,2019,1.8,BELGIUM,River cruise
866,2019,5.4,NETHERLANDS,River cruise
867,2019,5.2,GERMANY,River cruise
868,2019,8.2,SWITZERLAND,River cruise
869,2019,3,RUSSIA,River cruise
870,2019,4.7,AUSTRALIA,River cruise
871,2019,3.5,NEW.ZEALAND,River cruise
872,2019,2.7,SOUTH.AFRICA,River cruise
873,2019,1.9,CENTRAL.ASIA,River cruise
881,2016,0,SINGAPORE,Mountain biking cycling
882,2016,0.1,THAILAND,Mountain biking cycling
883,2016,0,INDONESIA,Mountain biking cycling
884,2016,0,BRUNEI,Mountain biking cycling
885,2016,0.4,PHILIPPINES,Mountain biking cycling
886,2016,0,VIETNAM,Mountain biking cycling
887,2016,0,CHINA,Mountain biking cycling
888,2016,0.4,JAPAN,Mountain biking cycling
889,2016,0.6,SOUTH.KOREA,Mountain biking cycling
890,2016,0.3,TAIWAN,Mountain biking cycling
891,2016,0,INDIA,Mountain biking cycling
892,2016,0,PAKISTAN,Mountain biking cycling
893,2016,0.2,SAUDI.ARABIA,Mountain biking cycling
894,2016,0,UNITED.ARAB.EMIRATES,Mountain biking cycling
895,2016,0,OMAN,Mountain biking cycling
896,2016,0,KUWAIT,Mountain biking cycling
897,2016,0,IRAN,Mountain biking cycling
898,2016,0.9,CANADA,Mountain biking cycling
899,2016,0.8,USA,Mountain biking cycling
900,2016,0.6,UNITED.KINGDOM,Mountain biking cycling
901,2016,0,IRELAND,Mountain biking cycling
902,2016,0.4,SWEDEN,Mountain biking cycling
903,2016,0.7,DENMARK,Mountain biking cycling
904,2016,0,FINLAND,Mountain biking cycling
905,2016,0,NORWAY,Mountain biking cycling
906,2016,0.8,ITALY,Mountain biking cycling
907,2016,3.1,SPAIN,Mountain biking cycling
908,2016,2.1,FRANCE,Mountain biking cycling
909,2016,4.2,BELGIUM,Mountain biking cycling
910,2016,0.9,NETHERLANDS,Mountain biking cycling
911,2016,1.1,GERMANY,Mountain biking cycling
912,2016,0,SWITZERLAND,Mountain biking cycling
913,2016,0,RUSSIA,Mountain biking cycling
914,2016,1.2,AUSTRALIA,Mountain biking cycling
915,2016,1,NEW.ZEALAND,Mountain biking cycling
916,2016,1.4,SOUTH.AFRICA,Mountain biking cycling
917,2016,0,CENTRAL.ASIA,Mountain biking cycling
925,2017,0.2,SINGAPORE,Mountain biking cycling
926,2017,2.4,THAILAND,Mountain biking cycling
927,2017,0.1,INDONESIA,Mountain biking cycling
928,2017,0.2,BRUNEI,Mountain biking cycling
929,2017,0,PHILIPPINES,Mountain biking cycling
930,2017,0.5,VIETNAM,Mountain biking cycling
931,2017,0.1,CHINA,Mountain biking cycling
932,2017,0.4,JAPAN,Mountain biking cycling
933,2017,5.9,SOUTH.KOREA,Mountain biking cycling
934,2017,0.2,TAIWAN,Mountain biking cycling
935,2017,0,INDIA,Mountain biking cycling
936,2017,0,PAKISTAN,Mountain biking cycling
937,2017,0.4,SAUDI.ARABIA,Mountain biking cycling
938,2017,0,UNITED.ARAB.EMIRATES,Mountain biking cycling
939,2017,0,OMAN,Mountain biking cycling
940,2017,0,KUWAIT,Mountain biking cycling
941,2017,0.4,IRAN,Mountain biking cycling
942,2017,5.7,CANADA,Mountain biking cycling
943,2017,1.2,USA,Mountain biking cycling
944,2017,1.4,UNITED.KINGDOM,Mountain biking cycling
945,2017,0,IRELAND,Mountain biking cycling
946,2017,2.4,SWEDEN,Mountain biking cycling
947,2017,0,DENMARK,Mountain biking cycling
948,2017,0,FINLAND,Mountain biking cycling
949,2017,11.5,NORWAY,Mountain biking cycling
950,2017,12,ITALY,Mountain biking cycling
951,2017,5.6,SPAIN,Mountain biking cycling
952,2017,4.4,FRANCE,Mountain biking cycling
953,2017,2,BELGIUM,Mountain biking cycling
954,2017,7.3,NETHERLANDS,Mountain biking cycling
955,2017,6.1,GERMANY,Mountain biking cycling
956,2017,2.2,SWITZERLAND,Mountain biking cycling
957,2017,0,RUSSIA,Mountain biking cycling
958,2017,7.2,AUSTRALIA,Mountain biking cycling
959,2017,4.2,NEW.ZEALAND,Mountain biking cycling
960,2017,6.3,SOUTH.AFRICA,Mountain biking cycling
961,2017,0,CENTRAL.ASIA,Mountain biking cycling
969,2018,0.5,SINGAPORE,Mountain biking cycling
970,2018,0.7,THAILAND,Mountain biking cycling
971,2018,0.7,INDONESIA,Mountain biking cycling
972,2018,0.1,BRUNEI,Mountain biking cycling
973,2018,0.8,PHILIPPINES,Mountain biking cycling
974,2018,0.2,VIETNAM,Mountain biking cycling
975,2018,0.5,CHINA,Mountain biking cycling
976,2018,0.3,JAPAN,Mountain biking cycling
977,2018,0.1,SOUTH.KOREA,Mountain biking cycling
978,2018,0,TAIWAN,Mountain biking cycling
979,2018,0,INDIA,Mountain biking cycling
980,2018,0,PAKISTAN,Mountain biking cycling
981,2018,0,SAUDI.ARABIA,Mountain biking cycling
982,2018,0,UNITED.ARAB.EMIRATES,Mountain biking cycling
983,2018,0.2,OMAN,Mountain biking cycling
984,2018,0,KUWAIT,Mountain biking cycling
985,2018,0,IRAN,Mountain biking cycling
986,2018,0.5,CANADA,Mountain biking cycling
987,2018,1,USA,Mountain biking cycling
988,2018,6.2,UNITED.KINGDOM,Mountain biking cycling
989,2018,0,IRELAND,Mountain biking cycling
990,2018,2.4,SWEDEN,Mountain biking cycling
991,2018,34.4,DENMARK,Mountain biking cycling
992,2018,2.8,FINLAND,Mountain biking cycling
993,2018,0,NORWAY,Mountain biking cycling
994,2018,23,ITALY,Mountain biking cycling
995,2018,1.1,SPAIN,Mountain biking cycling
996,2018,0.5,FRANCE,Mountain biking cycling
997,2018,1,BELGIUM,Mountain biking cycling
998,2018,2,NETHERLANDS,Mountain biking cycling
999,2018,1.5,GERMANY,Mountain biking cycling
1000,2018,0.5,SWITZERLAND,Mountain biking cycling
1001,2018,0.8,RUSSIA,Mountain biking cycling
1002,2018,3.2,AUSTRALIA,Mountain biking cycling
1003,2018,3.1,NEW.ZEALAND,Mountain biking cycling
1004,2018,0,SOUTH.AFRICA,Mountain biking cycling
1005,2018,0,CENTRAL.ASIA,Mountain biking cycling
1013,2019,0.2,SINGAPORE,Mountain biking cycling
1014,2019,0,THAILAND,Mountain biking cycling
1015,2019,0.1,INDONESIA,Mountain biking cycling
1016,2019,0,BRUNEI,Mountain biking cycling
1017,2019,0,PHILIPPINES,Mountain biking cycling
1018,2019,0.3,VIETNAM,Mountain biking cycling
1019,2019,0.2,CHINA,Mountain biking cycling
1020,2019,0,JAPAN,Mountain biking cycling
1021,2019,0,SOUTH.KOREA,Mountain biking cycling
1022,2019,0.3,TAIWAN,Mountain biking cycling
1023,2019,0.1,INDIA,Mountain biking cycling
1024,2019,1.4,PAKISTAN,Mountain biking cycling
1025,2019,0.4,SAUDI.ARABIA,Mountain biking cycling
1026,2019,0,UNITED.ARAB.EMIRATES,Mountain biking cycling
1027,2019,0,OMAN,Mountain biking cycling
1028,2019,0,KUWAIT,Mountain biking cycling
1029,2019,0,IRAN,Mountain biking cycling
1030,2019,0,CANADA,Mountain biking cycling
1031,2019,0.7,USA,Mountain biking cycling
1032,2019,0.2,UNITED.KINGDOM,Mountain biking cycling
1033,2019,0,IRELAND,Mountain biking cycling
1034,2019,0,SWEDEN,Mountain biking cycling
1035,2019,5.3,DENMARK,Mountain biking cycling
1036,2019,0,FINLAND,Mountain biking cycling
1037,2019,0,NORWAY,Mountain biking cycling
1038,2019,0,ITALY,Mountain biking cycling
1039,2019,0,SPAIN,Mountain biking cycling
1040,2019,0.3,FRANCE,Mountain biking cycling
1041,2019,0,BELGIUM,Mountain biking cycling
1042,2019,0,NETHERLANDS,Mountain biking cycling
1043,2019,0.3,GERMANY,Mountain biking cycling
1044,2019,0,SWITZERLAND,Mountain biking cycling
1045,2019,0.6,RUSSIA,Mountain biking cycling
1046,2019,0.1,AUSTRALIA,Mountain biking cycling
1047,2019,1.4,NEW.ZEALAND,Mountain biking cycling
1048,2019,0,SOUTH.AFRICA,Mountain biking cycling
1049,2019,0,CENTRAL.ASIA,Mountain biking cycling
1057,2016,7.7,SINGAPORE,Snorkeling
1058,2016,0.7,THAILAND,Snorkeling
1059,2016,0.2,INDONESIA,Snorkeling
1060,2016,0.8,BRUNEI,Snorkeling
1061,2016,21.8,PHILIPPINES,Snorkeling
1062,2016,0.1,VIETNAM,Snorkeling
1063,2016,42.2,CHINA,Snorkeling
1064,2016,9.7,JAPAN,Snorkeling
1065,2016,2.5,SOUTH.KOREA,Snorkeling
1066,2016,72.5,TAIWAN,Snorkeling
1067,2016,0.9,INDIA,Snorkeling
1068,2016,4.1,PAKISTAN,Snorkeling
1069,2016,7.1,SAUDI.ARABIA,Snorkeling
1070,2016,4.9,UNITED.ARAB.EMIRATES,Snorkeling
1071,2016,7.8,OMAN,Snorkeling
1072,2016,0,KUWAIT,Snorkeling
1073,2016,0.9,IRAN,Snorkeling
1074,2016,14.3,CANADA,Snorkeling
1075,2016,8.5,USA,Snorkeling
1076,2016,11,UNITED.KINGDOM,Snorkeling
1077,2016,2.3,IRELAND,Snorkeling
1078,2016,11.4,SWEDEN,Snorkeling
1079,2016,10.1,DENMARK,Snorkeling
1080,2016,5.1,FINLAND,Snorkeling
1081,2016,3.6,NORWAY,Snorkeling
1082,2016,17.8,ITALY,Snorkeling
1083,2016,16.4,SPAIN,Snorkeling
1084,2016,10.6,FRANCE,Snorkeling
1085,2016,16.7,BELGIUM,Snorkeling
1086,2016,23.1,NETHERLANDS,Snorkeling
1087,2016,11.9,GERMANY,Snorkeling
1088,2016,14.4,SWITZERLAND,Snorkeling
1089,2016,4.8,RUSSIA,Snorkeling
1090,2016,12.8,AUSTRALIA,Snorkeling
1091,2016,9.3,NEW.ZEALAND,Snorkeling
1092,2016,2.8,SOUTH.AFRICA,Snorkeling
1093,2016,5.2,CENTRAL.ASIA,Snorkeling
1101,2017,25.7,SINGAPORE,Snorkeling
1102,2017,7.6,THAILAND,Snorkeling
1103,2017,0.2,INDONESIA,Snorkeling
1104,2017,7.2,BRUNEI,Snorkeling
1105,2017,28,PHILIPPINES,Snorkeling
1106,2017,0.1,VIETNAM,Snorkeling
1107,2017,59.8,CHINA,Snorkeling
1108,2017,25.1,JAPAN,Snorkeling
1109,2017,68.9,SOUTH.KOREA,Snorkeling
1110,2017,76.8,TAIWAN,Snorkeling
1111,2017,1.5,INDIA,Snorkeling
1112,2017,4.9,PAKISTAN,Snorkeling
1113,2017,7.1,SAUDI.ARABIA,Snorkeling
1114,2017,4.3,UNITED.ARAB.EMIRATES,Snorkeling
1115,2017,4.4,OMAN,Snorkeling
1116,2017,7.4,KUWAIT,Snorkeling
1117,2017,1.6,IRAN,Snorkeling
1118,2017,51.3,CANADA,Snorkeling
1119,2017,34.8,USA,Snorkeling
1120,2017,21.4,UNITED.KINGDOM,Snorkeling
1121,2017,7.7,IRELAND,Snorkeling
1122,2017,35.4,SWEDEN,Snorkeling
1123,2017,5.9,DENMARK,Snorkeling
1124,2017,11.1,FINLAND,Snorkeling
1125,2017,0,NORWAY,Snorkeling
1126,2017,32,ITALY,Snorkeling
1127,2017,81.5,SPAIN,Snorkeling
1128,2017,31.6,FRANCE,Snorkeling
1129,2017,16,BELGIUM,Snorkeling
1130,2017,46.7,NETHERLANDS,Snorkeling
1131,2017,37.2,GERMANY,Snorkeling
1132,2017,26.1,SWITZERLAND,Snorkeling
1133,2017,6.6,RUSSIA,Snorkeling
1134,2017,33.2,AUSTRALIA,Snorkeling
1135,2017,28.5,NEW.ZEALAND,Snorkeling
1136,2017,0,SOUTH.AFRICA,Snorkeling
1137,2017,6.5,CENTRAL.ASIA,Snorkeling
1145,2018,11.1,SINGAPORE,Snorkeling
1146,2018,0.1,THAILAND,Snorkeling
1147,2018,0.1,INDONESIA,Snorkeling
1148,2018,7.8,BRUNEI,Snorkeling
1149,2018,13.7,PHILIPPINES,Snorkeling
1150,2018,0.2,VIETNAM,Snorkeling
1151,2018,35.3,CHINA,Snorkeling
1152,2018,1.7,JAPAN,Snorkeling
1153,2018,37.2,SOUTH.KOREA,Snorkeling
1154,2018,53.8,TAIWAN,Snorkeling
1155,2018,0.6,INDIA,Snorkeling
1156,2018,4.9,PAKISTAN,Snorkeling
1157,2018,7.8,SAUDI.ARABIA,Snorkeling
1158,2018,7,UNITED.ARAB.EMIRATES,Snorkeling
1159,2018,8.2,OMAN,Snorkeling
1160,2018,4.7,KUWAIT,Snorkeling
1161,2018,2.8,IRAN,Snorkeling
1162,2018,23.2,CANADA,Snorkeling
1163,2018,14.2,USA,Snorkeling
1164,2018,24.4,UNITED.KINGDOM,Snorkeling
1165,2018,2.9,IRELAND,Snorkeling
1166,2018,10.5,SWEDEN,Snorkeling
1167,2018,35.8,DENMARK,Snorkeling
1168,2018,21.4,FINLAND,Snorkeling
1169,2018,12.8,NORWAY,Snorkeling
1170,2018,13.3,ITALY,Snorkeling
1171,2018,26.1,SPAIN,Snorkeling
1172,2018,31.4,FRANCE,Snorkeling
1173,2018,16.8,BELGIUM,Snorkeling
1174,2018,18,NETHERLANDS,Snorkeling
1175,2018,27.2,GERMANY,Snorkeling
1176,2018,44.4,SWITZERLAND,Snorkeling
1177,2018,4.4,RUSSIA,Snorkeling
1178,2018,41.7,AUSTRALIA,Snorkeling
1179,2018,20.6,NEW.ZEALAND,Snorkeling
1180,2018,3.9,SOUTH.AFRICA,Snorkeling
1181,2018,4.7,CENTRAL.ASIA,Snorkeling
1189,2019,6.6,SINGAPORE,Snorkeling
1190,2019,1.1,THAILAND,Snorkeling
1191,2019,0.3,INDONESIA,Snorkeling
1192,2019,5.8,BRUNEI,Snorkeling
1193,2019,16,PHILIPPINES,Snorkeling
1194,2019,1.7,VIETNAM,Snorkeling
1195,2019,37.3,CHINA,Snorkeling
1196,2019,3.2,JAPAN,Snorkeling
1197,2019,41.3,SOUTH.KOREA,Snorkeling
1198,2019,63.3,TAIWAN,Snorkeling
1199,2019,1,INDIA,Snorkeling
1200,2019,8.1,PAKISTAN,Snorkeling
1201,2019,10.3,SAUDI.ARABIA,Snorkeling
1202,2019,6.7,UNITED.ARAB.EMIRATES,Snorkeling
1203,2019,13.9,OMAN,Snorkeling
1204,2019,0,KUWAIT,Snorkeling
1205,2019,4.3,IRAN,Snorkeling
1206,2019,11.3,CANADA,Snorkeling
1207,2019,17,USA,Snorkeling
1208,2019,12.9,UNITED.KINGDOM,Snorkeling
1209,2019,3.2,IRELAND,Snorkeling
1210,2019,5.5,SWEDEN,Snorkeling
1211,2019,20,DENMARK,Snorkeling
1212,2019,18.1,FINLAND,Snorkeling
1213,2019,0,NORWAY,Snorkeling
1214,2019,18.5,ITALY,Snorkeling
1215,2019,25.1,SPAIN,Snorkeling
1216,2019,22.3,FRANCE,Snorkeling
1217,2019,26.3,BELGIUM,Snorkeling
1218,2019,27.3,NETHERLANDS,Snorkeling
1219,2019,17.3,GERMANY,Snorkeling
1220,2019,21.8,SWITZERLAND,Snorkeling
1221,2019,14.6,RUSSIA,Snorkeling
1222,2019,11.7,AUSTRALIA,Snorkeling
1223,2019,8.5,NEW.ZEALAND,Snorkeling
1224,2019,2.7,SOUTH.AFRICA,Snorkeling
1225,2019,11.5,CENTRAL.ASIA,Snorkeling
1233,2016,19.9,SINGAPORE,Nightlife entertainment
1234,2016,21.1,THAILAND,Nightlife entertainment
1235,2016,3.2,INDONESIA,Nightlife entertainment
1236,2016,9,BRUNEI,Nightlife entertainment
1237,2016,42,PHILIPPINES,Nightlife entertainment
1238,2016,1.8,VIETNAM,Nightlife entertainment
1239,2016,34.1,CHINA,Nightlife entertainment
1240,2016,21.1,JAPAN,Nightlife entertainment
1241,2016,16.3,SOUTH.KOREA,Nightlife entertainment
1242,2016,67.1,TAIWAN,Nightlife entertainment
1243,2016,7.9,INDIA,Nightlife entertainment
1244,2016,3.6,PAKISTAN,Nightlife entertainment
1245,2016,0.7,SAUDI.ARABIA,Nightlife entertainment
1246,2016,0,UNITED.ARAB.EMIRATES,Nightlife entertainment
1247,2016,3.1,OMAN,Nightlife entertainment
1248,2016,0,KUWAIT,Nightlife entertainment
1249,2016,0.9,IRAN,Nightlife entertainment
1250,2016,18.9,CANADA,Nightlife entertainment
1251,2016,21.5,USA,Nightlife entertainment
1252,2016,21.5,UNITED.KINGDOM,Nightlife entertainment
1253,2016,6.9,IRELAND,Nightlife entertainment
1254,2016,7,SWEDEN,Nightlife entertainment
1255,2016,5.8,DENMARK,Nightlife entertainment
1256,2016,14.6,FINLAND,Nightlife entertainment
1257,2016,3.6,NORWAY,Nightlife entertainment
1258,2016,15.8,ITALY,Nightlife entertainment
1259,2016,12.4,SPAIN,Nightlife entertainment
1260,2016,16.5,FRANCE,Nightlife entertainment
1261,2016,0,BELGIUM,Nightlife entertainment
1262,2016,11.9,NETHERLANDS,Nightlife entertainment
1263,2016,22.2,GERMANY,Nightlife entertainment
1264,2016,25.8,SWITZERLAND,Nightlife entertainment
1265,2016,17.6,RUSSIA,Nightlife entertainment
1266,2016,19.1,AUSTRALIA,Nightlife entertainment
1267,2016,19.2,NEW.ZEALAND,Nightlife entertainment
1268,2016,11.1,SOUTH.AFRICA,Nightlife entertainment
1269,2016,1.8,CENTRAL.ASIA,Nightlife entertainment
1277,2017,50.6,SINGAPORE,Nightlife entertainment
1278,2017,67.9,THAILAND,Nightlife entertainment
1279,2017,10.1,INDONESIA,Nightlife entertainment
1280,2017,23.2,BRUNEI,Nightlife entertainment
1281,2017,84,PHILIPPINES,Nightlife entertainment
1282,2017,11,VIETNAM,Nightlife entertainment
1283,2017,86,CHINA,Nightlife entertainment
1284,2017,72.8,JAPAN,Nightlife entertainment
1285,2017,55.8,SOUTH.KOREA,Nightlife entertainment
1286,2017,73.1,TAIWAN,Nightlife entertainment
1287,2017,33.7,INDIA,Nightlife entertainment
1288,2017,3.9,PAKISTAN,Nightlife entertainment
1289,2017,2.7,SAUDI.ARABIA,Nightlife entertainment
1290,2017,6.4,UNITED.ARAB.EMIRATES,Nightlife entertainment
1291,2017,2.6,OMAN,Nightlife entertainment
1292,2017,3.7,KUWAIT,Nightlife entertainment
1293,2017,3.7,IRAN,Nightlife entertainment
1294,2017,88.9,CANADA,Nightlife entertainment
1295,2017,89.1,USA,Nightlife entertainment
1296,2017,31.8,UNITED.KINGDOM,Nightlife entertainment
1297,2017,18.8,IRELAND,Nightlife entertainment
1298,2017,98.5,SWEDEN,Nightlife entertainment
1299,2017,47.5,DENMARK,Nightlife entertainment
1300,2017,75.4,FINLAND,Nightlife entertainment
1301,2017,19.2,NORWAY,Nightlife entertainment
1302,2017,68.5,ITALY,Nightlife entertainment
1303,2017,54.2,SPAIN,Nightlife entertainment
1304,2017,45,FRANCE,Nightlife entertainment
1305,2017,30,BELGIUM,Nightlife entertainment
1306,2017,84.7,NETHERLANDS,Nightlife entertainment
1307,2017,81,GERMANY,Nightlife entertainment
1308,2017,37.7,SWITZERLAND,Nightlife entertainment
1309,2017,72.1,RUSSIA,Nightlife entertainment
1310,2017,82.2,AUSTRALIA,Nightlife entertainment
1311,2017,84.8,NEW.ZEALAND,Nightlife entertainment
1312,2017,18.8,SOUTH.AFRICA,Nightlife entertainment
1313,2017,3.6,CENTRAL.ASIA,Nightlife entertainment
1321,2018,23.6,SINGAPORE,Nightlife entertainment
1322,2018,28.1,THAILAND,Nightlife entertainment
1323,2018,8.9,INDONESIA,Nightlife entertainment
1324,2018,19.1,BRUNEI,Nightlife entertainment
1325,2018,61.6,PHILIPPINES,Nightlife entertainment
1326,2018,7.3,VIETNAM,Nightlife entertainment
1327,2018,36.6,CHINA,Nightlife entertainment
1328,2018,44.6,JAPAN,Nightlife entertainment
1329,2018,44.7,SOUTH.KOREA,Nightlife entertainment
1330,2018,54.5,TAIWAN,Nightlife entertainment
1331,2018,27.3,INDIA,Nightlife entertainment
1332,2018,6.8,PAKISTAN,Nightlife entertainment
1333,2018,8.2,SAUDI.ARABIA,Nightlife entertainment
1334,2018,4.7,UNITED.ARAB.EMIRATES,Nightlife entertainment
1335,2018,6.1,OMAN,Nightlife entertainment
1336,2018,10,KUWAIT,Nightlife entertainment
1337,2018,7.6,IRAN,Nightlife entertainment
1338,2018,18.1,CANADA,Nightlife entertainment
1339,2018,22.5,USA,Nightlife entertainment
1340,2018,15.4,UNITED.KINGDOM,Nightlife entertainment
1341,2018,11.7,IRELAND,Nightlife entertainment
1342,2018,14.3,SWEDEN,Nightlife entertainment
1343,2018,13.5,DENMARK,Nightlife entertainment
1344,2018,20.7,FINLAND,Nightlife entertainment
1345,2018,15,NORWAY,Nightlife entertainment
1346,2018,13.2,ITALY,Nightlife entertainment
1347,2018,11.8,SPAIN,Nightlife entertainment
1348,2018,13,FRANCE,Nightlife entertainment
1349,2018,13.4,BELGIUM,Nightlife entertainment
1350,2018,13.5,NETHERLANDS,Nightlife entertainment
1351,2018,13.8,GERMANY,Nightlife entertainment
1352,2018,26,SWITZERLAND,Nightlife entertainment
1353,2018,10.2,RUSSIA,Nightlife entertainment
1354,2018,16.7,AUSTRALIA,Nightlife entertainment
1355,2018,24.9,NEW.ZEALAND,Nightlife entertainment
1356,2018,7.1,SOUTH.AFRICA,Nightlife entertainment
1357,2018,6.7,CENTRAL.ASIA,Nightlife entertainment
1365,2019,24.9,SINGAPORE,Nightlife entertainment
1366,2019,27.1,THAILAND,Nightlife entertainment
1367,2019,17,INDONESIA,Nightlife entertainment
1368,2019,20.1,BRUNEI,Nightlife entertainment
1369,2019,33.4,PHILIPPINES,Nightlife entertainment
1370,2019,16.2,VIETNAM,Nightlife entertainment
1371,2019,46.8,CHINA,Nightlife entertainment
1372,2019,18.1,JAPAN,Nightlife entertainment
1373,2019,44.4,SOUTH.KOREA,Nightlife entertainment
1374,2019,75.6,TAIWAN,Nightlife entertainment
1375,2019,18,INDIA,Nightlife entertainment
1376,2019,13,PAKISTAN,Nightlife entertainment
1377,2019,11,SAUDI.ARABIA,Nightlife entertainment
1378,2019,18.3,UNITED.ARAB.EMIRATES,Nightlife entertainment
1379,2019,7.4,OMAN,Nightlife entertainment
1380,2019,19.3,KUWAIT,Nightlife entertainment
1381,2019,11.4,IRAN,Nightlife entertainment
1382,2019,35,CANADA,Nightlife entertainment
1383,2019,48.5,USA,Nightlife entertainment
1384,2019,26.7,UNITED.KINGDOM,Nightlife entertainment
1385,2019,21.5,IRELAND,Nightlife entertainment
1386,2019,29.5,SWEDEN,Nightlife entertainment
1387,2019,58.9,DENMARK,Nightlife entertainment
1388,2019,30.5,FINLAND,Nightlife entertainment
1389,2019,21.8,NORWAY,Nightlife entertainment
1390,2019,24.6,ITALY,Nightlife entertainment
1391,2019,19.5,SPAIN,Nightlife entertainment
1392,2019,24.2,FRANCE,Nightlife entertainment
1393,2019,28.7,BELGIUM,Nightlife entertainment
1394,2019,29.2,NETHERLANDS,Nightlife entertainment
1395,2019,22.8,GERMANY,Nightlife entertainment
1396,2019,25.9,SWITZERLAND,Nightlife entertainment
1397,2019,17.7,RUSSIA,Nightlife entertainment
1398,2019,34.1,AUSTRALIA,Nightlife entertainment
1399,2019,40.1,NEW.ZEALAND,Nightlife entertainment
1400,2019,13.2,SOUTH.AFRICA,Nightlife entertainment
1401,2019,6.1,CENTRAL.ASIA,Nightlife entertainment
1409,2016,0.7,SINGAPORE,Honeymoon
1410,2016,1.2,THAILAND,Honeymoon
1411,2016,0.1,INDONESIA,Honeymoon
1412,2016,0.3,BRUNEI,Honeymoon
1413,2016,0.4,PHILIPPINES,Honeymoon
1414,2016,0,VIETNAM,Honeymoon
1415,2016,0.1,CHINA,Honeymoon
1416,2016,0.6,JAPAN,Honeymoon
1417,2016,0.6,SOUTH.KOREA,Honeymoon
1418,2016,0.6,TAIWAN,Honeymoon
1419,2016,1.5,INDIA,Honeymoon
1420,2016,2,PAKISTAN,Honeymoon
1421,2016,30.9,SAUDI.ARABIA,Honeymoon
1422,2016,34.9,UNITED.ARAB.EMIRATES,Honeymoon
1423,2016,30.6,OMAN,Honeymoon
1424,2016,0,KUWAIT,Honeymoon
1425,2016,0.7,IRAN,Honeymoon
1426,2016,0,CANADA,Honeymoon
1427,2016,0.1,USA,Honeymoon
1428,2016,0.2,UNITED.KINGDOM,Honeymoon
1429,2016,0,IRELAND,Honeymoon
1430,2016,0.4,SWEDEN,Honeymoon
1431,2016,0,DENMARK,Honeymoon
1432,2016,2.5,FINLAND,Honeymoon
1433,2016,0,NORWAY,Honeymoon
1434,2016,1.2,ITALY,Honeymoon
1435,2016,0,SPAIN,Honeymoon
1436,2016,0.6,FRANCE,Honeymoon
1437,2016,1.1,BELGIUM,Honeymoon
1438,2016,0.6,NETHERLANDS,Honeymoon
1439,2016,0.6,GERMANY,Honeymoon
1440,2016,0,SWITZERLAND,Honeymoon
1441,2016,2.8,RUSSIA,Honeymoon
1442,2016,0.2,AUSTRALIA,Honeymoon
1443,2016,0,NEW.ZEALAND,Honeymoon
1444,2016,0,SOUTH.AFRICA,Honeymoon
1445,2016,0.3,CENTRAL.ASIA,Honeymoon
1453,2017,0.8,SINGAPORE,Honeymoon
1454,2017,1.3,THAILAND,Honeymoon
1455,2017,0.2,INDONESIA,Honeymoon
1456,2017,0,BRUNEI,Honeymoon
1457,2017,0,PHILIPPINES,Honeymoon
1458,2017,0,VIETNAM,Honeymoon
1459,2017,0.1,CHINA,Honeymoon
1460,2017,0,JAPAN,Honeymoon
1461,2017,0.6,SOUTH.KOREA,Honeymoon
1462,2017,0.2,TAIWAN,Honeymoon
1463,2017,1.4,INDIA,Honeymoon
1464,2017,4.5,PAKISTAN,Honeymoon
1465,2017,26.5,SAUDI.ARABIA,Honeymoon
1466,2017,8.5,UNITED.ARAB.EMIRATES,Honeymoon
1467,2017,16.5,OMAN,Honeymoon
1468,2017,42.6,KUWAIT,Honeymoon
1469,2017,0.7,IRAN,Honeymoon
1470,2017,0,CANADA,Honeymoon
1471,2017,0.2,USA,Honeymoon
1472,2017,0.3,UNITED.KINGDOM,Honeymoon
1473,2017,0,IRELAND,Honeymoon
1474,2017,0,SWEDEN,Honeymoon
1475,2017,0,DENMARK,Honeymoon
1476,2017,0,FINLAND,Honeymoon
1477,2017,3.4,NORWAY,Honeymoon
1478,2017,1.1,ITALY,Honeymoon
1479,2017,0,SPAIN,Honeymoon
1480,2017,0.5,FRANCE,Honeymoon
1481,2017,0,BELGIUM,Honeymoon
1482,2017,0,NETHERLANDS,Honeymoon
1483,2017,0.1,GERMANY,Honeymoon
1484,2017,0,SWITZERLAND,Honeymoon
1485,2017,1.3,RUSSIA,Honeymoon
1486,2017,0.3,AUSTRALIA,Honeymoon
1487,2017,0,NEW.ZEALAND,Honeymoon
1488,2017,0,SOUTH.AFRICA,Honeymoon
1489,2017,0.8,CENTRAL.ASIA,Honeymoon
1497,2018,0.2,SINGAPORE,Honeymoon
1498,2018,0.2,THAILAND,Honeymoon
1499,2018,0.3,INDONESIA,Honeymoon
1500,2018,0.2,BRUNEI,Honeymoon
1501,2018,0.3,PHILIPPINES,Honeymoon
1502,2018,0,VIETNAM,Honeymoon
1503,2018,0.3,CHINA,Honeymoon
1504,2018,0,JAPAN,Honeymoon
1505,2018,0,SOUTH.KOREA,Honeymoon
1506,2018,0,TAIWAN,Honeymoon
1507,2018,4.1,INDIA,Honeymoon
1508,2018,19.3,PAKISTAN,Honeymoon
1509,2018,19.1,SAUDI.ARABIA,Honeymoon
1510,2018,33.2,UNITED.ARAB.EMIRATES,Honeymoon
1511,2018,29.4,OMAN,Honeymoon
1512,2018,8.1,KUWAIT,Honeymoon
1513,2018,2.6,IRAN,Honeymoon
1514,2018,0,CANADA,Honeymoon
1515,2018,0.6,USA,Honeymoon
1516,2018,0.3,UNITED.KINGDOM,Honeymoon
1517,2018,5.1,IRELAND,Honeymoon
1518,2018,0,SWEDEN,Honeymoon
1519,2018,4.4,DENMARK,Honeymoon
1520,2018,0,FINLAND,Honeymoon
1521,2018,0,NORWAY,Honeymoon
1522,2018,2,ITALY,Honeymoon
1523,2018,1.9,SPAIN,Honeymoon
1524,2018,0.8,FRANCE,Honeymoon
1525,2018,0.4,BELGIUM,Honeymoon
1526,2018,0.1,NETHERLANDS,Honeymoon
1527,2018,0.4,GERMANY,Honeymoon
1528,2018,0,SWITZERLAND,Honeymoon
1529,2018,0,RUSSIA,Honeymoon
1530,2018,0.1,AUSTRALIA,Honeymoon
1531,2018,0,NEW.ZEALAND,Honeymoon
1532,2018,0.6,SOUTH.AFRICA,Honeymoon
1533,2018,2.8,CENTRAL.ASIA,Honeymoon
1541,2019,0.4,SINGAPORE,Honeymoon
1542,2019,0,THAILAND,Honeymoon
1543,2019,0.4,INDONESIA,Honeymoon
1544,2019,0,BRUNEI,Honeymoon
1545,2019,0.3,PHILIPPINES,Honeymoon
1546,2019,0,VIETNAM,Honeymoon
1547,2019,0.1,CHINA,Honeymoon
1548,2019,0,JAPAN,Honeymoon
1549,2019,0,SOUTH.KOREA,Honeymoon
1550,2019,0,TAIWAN,Honeymoon
1551,2019,1.1,INDIA,Honeymoon
1552,2019,5.5,PAKISTAN,Honeymoon
1553,2019,20.3,SAUDI.ARABIA,Honeymoon
1554,2019,3.7,UNITED.ARAB.EMIRATES,Honeymoon
1555,2019,15,OMAN,Honeymoon
1556,2019,4,KUWAIT,Honeymoon
1557,2019,1.4,IRAN,Honeymoon
1558,2019,0,CANADA,Honeymoon
1559,2019,0.3,USA,Honeymoon
1560,2019,1,UNITED.KINGDOM,Honeymoon
1561,2019,0,IRELAND,Honeymoon
1562,2019,0,SWEDEN,Honeymoon
1563,2019,0,DENMARK,Honeymoon
1564,2019,0,FINLAND,Honeymoon
1565,2019,0,NORWAY,Honeymoon
1566,2019,0,ITALY,Honeymoon
1567,2019,0.3,SPAIN,Honeymoon
1568,2019,1.4,FRANCE,Honeymoon
1569,2019,1.2,BELGIUM,Honeymoon
1570,2019,0,NETHERLANDS,Honeymoon
1571,2019,0.1,GERMANY,Honeymoon
1572,2019,0,SWITZERLAND,Honeymoon
1573,2019,0,RUSSIA,Honeymoon
1574,2019,0.3,AUSTRALIA,Honeymoon
1575,2019,0,NEW.ZEALAND,Honeymoon
1576,2019,0,SOUTH.AFRICA,Honeymoon
1577,2019,0.6,CENTRAL.ASIA,Honeymoon
1585,2016,1.7,SINGAPORE,FLYING FOX/ ABSAILING
1586,2016,0.1,THAILAND,FLYING FOX/ ABSAILING
1587,2016,0.2,INDONESIA,FLYING FOX/ ABSAILING
1588,2016,0.1,BRUNEI,FLYING FOX/ ABSAILING
1589,2016,5.7,PHILIPPINES,FLYING FOX/ ABSAILING
1590,2016,0,VIETNAM,FLYING FOX/ ABSAILING
1591,2016,10.4,CHINA,FLYING FOX/ ABSAILING
1592,2016,0.8,JAPAN,FLYING FOX/ ABSAILING
1593,2016,3.1,SOUTH.KOREA,FLYING FOX/ ABSAILING
1594,2016,26.3,TAIWAN,FLYING FOX/ ABSAILING
1595,2016,0.1,INDIA,FLYING FOX/ ABSAILING
1596,2016,0,PAKISTAN,FLYING FOX/ ABSAILING
1597,2016,0,SAUDI.ARABIA,FLYING FOX/ ABSAILING
1598,2016,0,UNITED.ARAB.EMIRATES,FLYING FOX/ ABSAILING
1599,2016,0,OMAN,FLYING FOX/ ABSAILING
1600,2016,0,KUWAIT,FLYING FOX/ ABSAILING
1601,2016,0,IRAN,FLYING FOX/ ABSAILING
1602,2016,0.9,CANADA,FLYING FOX/ ABSAILING
1603,2016,4.2,USA,FLYING FOX/ ABSAILING
1604,2016,2.8,UNITED.KINGDOM,FLYING FOX/ ABSAILING
1605,2016,0,IRELAND,FLYING FOX/ ABSAILING
1606,2016,0.4,SWEDEN,FLYING FOX/ ABSAILING
1607,2016,2.2,DENMARK,FLYING FOX/ ABSAILING
1608,2016,1.9,FINLAND,FLYING FOX/ ABSAILING
1609,2016,3.6,NORWAY,FLYING FOX/ ABSAILING
1610,2016,2,ITALY,FLYING FOX/ ABSAILING
1611,2016,0,SPAIN,FLYING FOX/ ABSAILING
1612,2016,3.1,FRANCE,FLYING FOX/ ABSAILING
1613,2016,0,BELGIUM,FLYING FOX/ ABSAILING
1614,2016,0.9,NETHERLANDS,FLYING FOX/ ABSAILING
1615,2016,1.7,GERMANY,FLYING FOX/ ABSAILING
1616,2016,3.9,SWITZERLAND,FLYING FOX/ ABSAILING
1617,2016,0,RUSSIA,FLYING FOX/ ABSAILING
1618,2016,5.1,AUSTRALIA,FLYING FOX/ ABSAILING
1619,2016,5.8,NEW.ZEALAND,FLYING FOX/ ABSAILING
1620,2016,0,SOUTH.AFRICA,FLYING FOX/ ABSAILING
1621,2016,0,CENTRAL.ASIA,FLYING FOX/ ABSAILING
1629,2017,1.9,SINGAPORE,FLYING FOX/ ABSAILING
1630,2017,0.6,THAILAND,FLYING FOX/ ABSAILING
1631,2017,0.2,INDONESIA,FLYING FOX/ ABSAILING
1632,2017,0.1,BRUNEI,FLYING FOX/ ABSAILING
1633,2017,2.3,PHILIPPINES,FLYING FOX/ ABSAILING
1634,2017,0.1,VIETNAM,FLYING FOX/ ABSAILING
1635,2017,8.4,CHINA,FLYING FOX/ ABSAILING
1636,2017,0.4,JAPAN,FLYING FOX/ ABSAILING
1637,2017,18.1,SOUTH.KOREA,FLYING FOX/ ABSAILING
1638,2017,12.7,TAIWAN,FLYING FOX/ ABSAILING
1639,2017,0.6,INDIA,FLYING FOX/ ABSAILING
1640,2017,0.3,PAKISTAN,FLYING FOX/ ABSAILING
1641,2017,0,SAUDI.ARABIA,FLYING FOX/ ABSAILING
1642,2017,0,UNITED.ARAB.EMIRATES,FLYING FOX/ ABSAILING
1643,2017,0,OMAN,FLYING FOX/ ABSAILING
1644,2017,0,KUWAIT,FLYING FOX/ ABSAILING
1645,2017,0,IRAN,FLYING FOX/ ABSAILING
1646,2017,6.8,CANADA,FLYING FOX/ ABSAILING
1647,2017,3,USA,FLYING FOX/ ABSAILING
1648,2017,2.5,UNITED.KINGDOM,FLYING FOX/ ABSAILING
1649,2017,0,IRELAND,FLYING FOX/ ABSAILING
1650,2017,14.3,SWEDEN,FLYING FOX/ ABSAILING
1651,2017,8.3,DENMARK,FLYING FOX/ ABSAILING
1652,2017,4.8,FINLAND,FLYING FOX/ ABSAILING
1653,2017,0,NORWAY,FLYING FOX/ ABSAILING
1654,2017,6.5,ITALY,FLYING FOX/ ABSAILING
1655,2017,0,SPAIN,FLYING FOX/ ABSAILING
1656,2017,12.1,FRANCE,FLYING FOX/ ABSAILING
1657,2017,0,BELGIUM,FLYING FOX/ ABSAILING
1658,2017,14.2,NETHERLANDS,FLYING FOX/ ABSAILING
1659,2017,11.7,GERMANY,FLYING FOX/ ABSAILING
1660,2017,2.9,SWITZERLAND,FLYING FOX/ ABSAILING
1661,2017,0,RUSSIA,FLYING FOX/ ABSAILING
1662,2017,5.8,AUSTRALIA,FLYING FOX/ ABSAILING
1663,2017,7.3,NEW.ZEALAND,FLYING FOX/ ABSAILING
1664,2017,0,SOUTH.AFRICA,FLYING FOX/ ABSAILING
1665,2017,0,CENTRAL.ASIA,FLYING FOX/ ABSAILING
1673,2018,3.3,SINGAPORE,FLYING FOX/ ABSAILING
1674,2018,0.4,THAILAND,FLYING FOX/ ABSAILING
1675,2018,0.4,INDONESIA,FLYING FOX/ ABSAILING
1676,2018,0.7,BRUNEI,FLYING FOX/ ABSAILING
1677,2018,2.8,PHILIPPINES,FLYING FOX/ ABSAILING
1678,2018,0,VIETNAM,FLYING FOX/ ABSAILING
1679,2018,11.9,CHINA,FLYING FOX/ ABSAILING
1680,2018,0.4,JAPAN,FLYING FOX/ ABSAILING
1681,2018,14.2,SOUTH.KOREA,FLYING FOX/ ABSAILING
1682,2018,24.8,TAIWAN,FLYING FOX/ ABSAILING
1683,2018,0.2,INDIA,FLYING FOX/ ABSAILING
1684,2018,0.5,PAKISTAN,FLYING FOX/ ABSAILING
1685,2018,0.1,SAUDI.ARABIA,FLYING FOX/ ABSAILING
1686,2018,0,UNITED.ARAB.EMIRATES,FLYING FOX/ ABSAILING
1687,2018,0.2,OMAN,FLYING FOX/ ABSAILING
1688,2018,0,KUWAIT,FLYING FOX/ ABSAILING
1689,2018,0,IRAN,FLYING FOX/ ABSAILING
1690,2018,1.5,CANADA,FLYING FOX/ ABSAILING
1691,2018,9.7,USA,FLYING FOX/ ABSAILING
1692,2018,3.6,UNITED.KINGDOM,FLYING FOX/ ABSAILING
1693,2018,0.6,IRELAND,FLYING FOX/ ABSAILING
1694,2018,3.1,SWEDEN,FLYING FOX/ ABSAILING
1695,2018,2.1,DENMARK,FLYING FOX/ ABSAILING
1696,2018,6.2,FINLAND,FLYING FOX/ ABSAILING
1697,2018,0,NORWAY,FLYING FOX/ ABSAILING
1698,2018,0.8,ITALY,FLYING FOX/ ABSAILING
1699,2018,0.5,SPAIN,FLYING FOX/ ABSAILING
1700,2018,2.2,FRANCE,FLYING FOX/ ABSAILING
1701,2018,1,BELGIUM,FLYING FOX/ ABSAILING
1702,2018,2,NETHERLANDS,FLYING FOX/ ABSAILING
1703,2018,3.7,GERMANY,FLYING FOX/ ABSAILING
1704,2018,5.1,SWITZERLAND,FLYING FOX/ ABSAILING
1705,2018,1.2,RUSSIA,FLYING FOX/ ABSAILING
1706,2018,5.4,AUSTRALIA,FLYING FOX/ ABSAILING
1707,2018,10.9,NEW.ZEALAND,FLYING FOX/ ABSAILING
1708,2018,0.6,SOUTH.AFRICA,FLYING FOX/ ABSAILING
1709,2018,0,CENTRAL.ASIA,FLYING FOX/ ABSAILING
1717,2019,2.3,SINGAPORE,FLYING FOX/ ABSAILING
1718,2019,0.5,THAILAND,FLYING FOX/ ABSAILING
1719,2019,0,INDONESIA,FLYING FOX/ ABSAILING
1720,2019,1.8,BRUNEI,FLYING FOX/ ABSAILING
1721,2019,6.3,PHILIPPINES,FLYING FOX/ ABSAILING
1722,2019,0,VIETNAM,FLYING FOX/ ABSAILING
1723,2019,11.6,CHINA,FLYING FOX/ ABSAILING
1724,2019,0,JAPAN,FLYING FOX/ ABSAILING
1725,2019,19.6,SOUTH.KOREA,FLYING FOX/ ABSAILING
1726,2019,20,TAIWAN,FLYING FOX/ ABSAILING
1727,2019,0.4,INDIA,FLYING FOX/ ABSAILING
1728,2019,1.2,PAKISTAN,FLYING FOX/ ABSAILING
1729,2019,0,SAUDI.ARABIA,FLYING FOX/ ABSAILING
1730,2019,0,UNITED.ARAB.EMIRATES,FLYING FOX/ ABSAILING
1731,2019,0,OMAN,FLYING FOX/ ABSAILING
1732,2019,0,KUWAIT,FLYING FOX/ ABSAILING
1733,2019,0,IRAN,FLYING FOX/ ABSAILING
1734,2019,3.9,CANADA,FLYING FOX/ ABSAILING
1735,2019,8.6,USA,FLYING FOX/ ABSAILING
1736,2019,3,UNITED.KINGDOM,FLYING FOX/ ABSAILING
1737,2019,0,IRELAND,FLYING FOX/ ABSAILING
1738,2019,2.1,SWEDEN,FLYING FOX/ ABSAILING
1739,2019,1.1,DENMARK,FLYING FOX/ ABSAILING
1740,2019,2.9,FINLAND,FLYING FOX/ ABSAILING
1741,2019,0,NORWAY,FLYING FOX/ ABSAILING
1742,2019,0,ITALY,FLYING FOX/ ABSAILING
1743,2019,0.3,SPAIN,FLYING FOX/ ABSAILING
1744,2019,2,FRANCE,FLYING FOX/ ABSAILING
1745,2019,0.6,BELGIUM,FLYING FOX/ ABSAILING
1746,2019,2.3,NETHERLANDS,FLYING FOX/ ABSAILING
1747,2019,1.5,GERMANY,FLYING FOX/ ABSAILING
1748,2019,6.5,SWITZERLAND,FLYING FOX/ ABSAILING
1749,2019,1.5,RUSSIA,FLYING FOX/ ABSAILING
1750,2019,5.4,AUSTRALIA,FLYING FOX/ ABSAILING
1751,2019,4.9,NEW.ZEALAND,FLYING FOX/ ABSAILING
1752,2019,0,SOUTH.AFRICA,FLYING FOX/ ABSAILING
1753,2019,0,CENTRAL.ASIA,FLYING FOX/ ABSAILING
1761,2016,8.8,SINGAPORE,Spa wellness
1762,2016,1,THAILAND,Spa wellness
1763,2016,0.2,INDONESIA,Spa wellness
1764,2016,2.2,BRUNEI,Spa wellness
1765,2016,19.8,PHILIPPINES,Spa wellness
1766,2016,0.6,VIETNAM,Spa wellness
1767,2016,24.9,CHINA,Spa wellness
1768,2016,9.7,JAPAN,Spa wellness
1769,2016,1.3,SOUTH.KOREA,Spa wellness
1770,2016,25.4,TAIWAN,Spa wellness
1771,2016,0.5,INDIA,Spa wellness
1772,2016,0.8,PAKISTAN,Spa wellness
1773,2016,1.1,SAUDI.ARABIA,Spa wellness
1774,2016,0,UNITED.ARAB.EMIRATES,Spa wellness
1775,2016,0,OMAN,Spa wellness
1776,2016,0,KUWAIT,Spa wellness
1777,2016,0.2,IRAN,Spa wellness
1778,2016,4.2,CANADA,Spa wellness
1779,2016,5,USA,Spa wellness
1780,2016,4.5,UNITED.KINGDOM,Spa wellness
1781,2016,9.2,IRELAND,Spa wellness
1782,2016,3.1,SWEDEN,Spa wellness
1783,2016,0,DENMARK,Spa wellness
1784,2016,3.8,FINLAND,Spa wellness
1785,2016,0,NORWAY,Spa wellness
1786,2016,1.2,ITALY,Spa wellness
1787,2016,2.7,SPAIN,Spa wellness
1788,2016,4.7,FRANCE,Spa wellness
1789,2016,0,BELGIUM,Spa wellness
1790,2016,2.8,NETHERLANDS,Spa wellness
1791,2016,2.6,GERMANY,Spa wellness
1792,2016,5.2,SWITZERLAND,Spa wellness
1793,2016,0.5,RUSSIA,Spa wellness
1794,2016,6.4,AUSTRALIA,Spa wellness
1795,2016,9.6,NEW.ZEALAND,Spa wellness
1796,2016,1.4,SOUTH.AFRICA,Spa wellness
1797,2016,1.8,CENTRAL.ASIA,Spa wellness
1805,2017,23,SINGAPORE,Spa wellness
1806,2017,7.9,THAILAND,Spa wellness
1807,2017,2.2,INDONESIA,Spa wellness
1808,2017,17.2,BRUNEI,Spa wellness
1809,2017,29.3,PHILIPPINES,Spa wellness
1810,2017,0.8,VIETNAM,Spa wellness
1811,2017,44.9,CHINA,Spa wellness
1812,2017,27.6,JAPAN,Spa wellness
1813,2017,57,SOUTH.KOREA,Spa wellness
1814,2017,44,TAIWAN,Spa wellness
1815,2017,1,INDIA,Spa wellness
1816,2017,1,PAKISTAN,Spa wellness
1817,2017,3,SAUDI.ARABIA,Spa wellness
1818,2017,2.1,UNITED.ARAB.EMIRATES,Spa wellness
1819,2017,0.9,OMAN,Spa wellness
1820,2017,3.7,KUWAIT,Spa wellness
1821,2017,0.4,IRAN,Spa wellness
1822,2017,6.7,CANADA,Spa wellness
1823,2017,21.5,USA,Spa wellness
1824,2017,6,UNITED.KINGDOM,Spa wellness
1825,2017,5.8,IRELAND,Spa wellness
1826,2017,3,SWEDEN,Spa wellness
1827,2017,0,DENMARK,Spa wellness
1828,2017,26.6,FINLAND,Spa wellness
1829,2017,7.7,NORWAY,Spa wellness
1830,2017,6,ITALY,Spa wellness
1831,2017,3.2,SPAIN,Spa wellness
1832,2017,10.6,FRANCE,Spa wellness
1833,2017,4,BELGIUM,Spa wellness
1834,2017,9.7,NETHERLANDS,Spa wellness
1835,2017,9.5,GERMANY,Spa wellness
1836,2017,4.3,SWITZERLAND,Spa wellness
1837,2017,0.7,RUSSIA,Spa wellness
1838,2017,8.7,AUSTRALIA,Spa wellness
1839,2017,28,NEW.ZEALAND,Spa wellness
1840,2017,0,SOUTH.AFRICA,Spa wellness
1841,2017,1,CENTRAL.ASIA,Spa wellness
1849,2018,7.2,SINGAPORE,Spa wellness
1850,2018,0.6,THAILAND,Spa wellness
1851,2018,1.2,INDONESIA,Spa wellness
1852,2018,4.6,BRUNEI,Spa wellness
1853,2018,8.7,PHILIPPINES,Spa wellness
1854,2018,0,VIETNAM,Spa wellness
1855,2018,20.3,CHINA,Spa wellness
1856,2018,6.4,JAPAN,Spa wellness
1857,2018,25,SOUTH.KOREA,Spa wellness
1858,2018,24.9,TAIWAN,Spa wellness
1859,2018,2.2,INDIA,Spa wellness
1860,2018,0.5,PAKISTAN,Spa wellness
1861,2018,2.1,SAUDI.ARABIA,Spa wellness
1862,2018,2.7,UNITED.ARAB.EMIRATES,Spa wellness
1863,2018,1.2,OMAN,Spa wellness
1864,2018,4.3,KUWAIT,Spa wellness
1865,2018,1.5,IRAN,Spa wellness
1866,2018,11,CANADA,Spa wellness
1867,2018,20.9,USA,Spa wellness
1868,2018,10.6,UNITED.KINGDOM,Spa wellness
1869,2018,1.2,IRELAND,Spa wellness
1870,2018,1.4,SWEDEN,Spa wellness
1871,2018,1,DENMARK,Spa wellness
1872,2018,29.8,FINLAND,Spa wellness
1873,2018,0.8,NORWAY,Spa wellness
1874,2018,0.8,ITALY,Spa wellness
1875,2018,0.9,SPAIN,Spa wellness
1876,2018,5,FRANCE,Spa wellness
1877,2018,1,BELGIUM,Spa wellness
1878,2018,1.2,NETHERLANDS,Spa wellness
1879,2018,4.8,GERMANY,Spa wellness
1880,2018,4.1,SWITZERLAND,Spa wellness
1881,2018,0.2,RUSSIA,Spa wellness
1882,2018,13.7,AUSTRALIA,Spa wellness
1883,2018,6.2,NEW.ZEALAND,Spa wellness
1884,2018,0.6,SOUTH.AFRICA,Spa wellness
1885,2018,0.2,CENTRAL.ASIA,Spa wellness
1893,2019,9.3,SINGAPORE,Spa wellness
1894,2019,3.2,THAILAND,Spa wellness
1895,2019,1.7,INDONESIA,Spa wellness
1896,2019,5.3,BRUNEI,Spa wellness
1897,2019,13.4,PHILIPPINES,Spa wellness
1898,2019,1.4,VIETNAM,Spa wellness
1899,2019,16.5,CHINA,Spa wellness
1900,2019,0.5,JAPAN,Spa wellness
1901,2019,22.2,SOUTH.KOREA,Spa wellness
1902,2019,34.9,TAIWAN,Spa wellness
1903,2019,1.9,INDIA,Spa wellness
1904,2019,3.5,PAKISTAN,Spa wellness
1905,2019,4.5,SAUDI.ARABIA,Spa wellness
1906,2019,0.6,UNITED.ARAB.EMIRATES,Spa wellness
1907,2019,3.9,OMAN,Spa wellness
1908,2019,5.3,KUWAIT,Spa wellness
1909,2019,0,IRAN,Spa wellness
1910,2019,3,CANADA,Spa wellness
1911,2019,6.8,USA,Spa wellness
1912,2019,5.5,UNITED.KINGDOM,Spa wellness
1913,2019,1.1,IRELAND,Spa wellness
1914,2019,0,SWEDEN,Spa wellness
1915,2019,4.2,DENMARK,Spa wellness
1916,2019,6.7,FINLAND,Spa wellness
1917,2019,12.7,NORWAY,Spa wellness
1918,2019,7.1,ITALY,Spa wellness
1919,2019,1.5,SPAIN,Spa wellness
1920,2019,3.9,FRANCE,Spa wellness
1921,2019,1.2,BELGIUM,Spa wellness
1922,2019,2.3,NETHERLANDS,Spa wellness
1923,2019,3.1,GERMANY,Spa wellness
1924,2019,8.2,SWITZERLAND,Spa wellness
1925,2019,4.4,RUSSIA,Spa wellness
1926,2019,6.4,AUSTRALIA,Spa wellness
1927,2019,4.9,NEW.ZEALAND,Spa wellness
1928,2019,2.7,SOUTH.AFRICA,Spa wellness
1929,2019,1.9,CENTRAL.ASIA,Spa wellness
1937,2016,5.7,SINGAPORE,Hiking treckking
1938,2016,1.2,THAILAND,Hiking treckking
1939,2016,0.2,INDONESIA,Hiking treckking
1940,2016,0.8,BRUNEI,Hiking treckking
1941,2016,16.4,PHILIPPINES,Hiking treckking
1942,2016,0.7,VIETNAM,Hiking treckking
1943,2016,35.8,CHINA,Hiking treckking
1944,2016,7.4,JAPAN,Hiking treckking
1945,2016,3.8,SOUTH.KOREA,Hiking treckking
1946,2016,57.2,TAIWAN,Hiking treckking
1947,2016,0.1,INDIA,Hiking treckking
1948,2016,0.5,PAKISTAN,Hiking treckking
1949,2016,0.7,SAUDI.ARABIA,Hiking treckking
1950,2016,0,UNITED.ARAB.EMIRATES,Hiking treckking
1951,2016,0,OMAN,Hiking treckking
1952,2016,0,KUWAIT,Hiking treckking
1953,2016,0,IRAN,Hiking treckking
1954,2016,20.6,CANADA,Hiking treckking
1955,2016,18.7,USA,Hiking treckking
1956,2016,19.6,UNITED.KINGDOM,Hiking treckking
1957,2016,6.9,IRELAND,Hiking treckking
1958,2016,11.4,SWEDEN,Hiking treckking
1959,2016,7.9,DENMARK,Hiking treckking
1960,2016,6.4,FINLAND,Hiking treckking
1961,2016,9.1,NORWAY,Hiking treckking
1962,2016,19.4,ITALY,Hiking treckking
1963,2016,20.8,SPAIN,Hiking treckking
1964,2016,18.2,FRANCE,Hiking treckking
1965,2016,18.8,BELGIUM,Hiking treckking
1966,2016,19.7,NETHERLANDS,Hiking treckking
1967,2016,20.6,GERMANY,Hiking treckking
1968,2016,19.2,SWITZERLAND,Hiking treckking
1969,2016,7.5,RUSSIA,Hiking treckking
1970,2016,18.4,AUSTRALIA,Hiking treckking
1971,2016,18.2,NEW.ZEALAND,Hiking treckking
1972,2016,0,SOUTH.AFRICA,Hiking treckking
1973,2016,0.6,CENTRAL.ASIA,Hiking treckking
1981,2017,13.8,SINGAPORE,Hiking treckking
1982,2017,2.6,THAILAND,Hiking treckking
1983,2017,0.4,INDONESIA,Hiking treckking
1984,2017,3.4,BRUNEI,Hiking treckking
1985,2017,16.1,PHILIPPINES,Hiking treckking
1986,2017,0.5,VIETNAM,Hiking treckking
1987,2017,37.3,CHINA,Hiking treckking
1988,2017,13.4,JAPAN,Hiking treckking
1989,2017,40.6,SOUTH.KOREA,Hiking treckking
1990,2017,45.7,TAIWAN,Hiking treckking
1991,2017,0.6,INDIA,Hiking treckking
1992,2017,0.3,PAKISTAN,Hiking treckking
1993,2017,3.6,SAUDI.ARABIA,Hiking treckking
1994,2017,0,UNITED.ARAB.EMIRATES,Hiking treckking
1995,2017,15.8,OMAN,Hiking treckking
1996,2017,11.1,KUWAIT,Hiking treckking
1997,2017,0,IRAN,Hiking treckking
1998,2017,53.7,CANADA,Hiking treckking
1999,2017,25.2,USA,Hiking treckking
2000,2017,28.4,UNITED.KINGDOM,Hiking treckking
2001,2017,16.9,IRELAND,Hiking treckking
2002,2017,24.7,SWEDEN,Hiking treckking
2003,2017,7.8,DENMARK,Hiking treckking
2004,2017,14.3,FINLAND,Hiking treckking
2005,2017,19.2,NORWAY,Hiking treckking
2006,2017,40,ITALY,Hiking treckking
2007,2017,24.1,SPAIN,Hiking treckking
2008,2017,39.6,FRANCE,Hiking treckking
2009,2017,18,BELGIUM,Hiking treckking
2010,2017,37.8,NETHERLANDS,Hiking treckking
2011,2017,49.1,GERMANY,Hiking treckking
2012,2017,38.4,SWITZERLAND,Hiking treckking
2013,2017,6.2,RUSSIA,Hiking treckking
2014,2017,36.7,AUSTRALIA,Hiking treckking
2015,2017,34.5,NEW.ZEALAND,Hiking treckking
2016,2017,6.3,SOUTH.AFRICA,Hiking treckking
2017,2017,0,CENTRAL.ASIA,Hiking treckking
2025,2018,9.9,SINGAPORE,Hiking treckking
2026,2018,5,THAILAND,Hiking treckking
2027,2018,2,INDONESIA,Hiking treckking
2028,2018,3.9,BRUNEI,Hiking treckking
2029,2018,6.5,PHILIPPINES,Hiking treckking
2030,2018,0.1,VIETNAM,Hiking treckking
2031,2018,19.9,CHINA,Hiking treckking
2032,2018,3.7,JAPAN,Hiking treckking
2033,2018,17.9,SOUTH.KOREA,Hiking treckking
2034,2018,33.2,TAIWAN,Hiking treckking
2035,2018,0.5,INDIA,Hiking treckking
2036,2018,1.2,PAKISTAN,Hiking treckking
2037,2018,1.2,SAUDI.ARABIA,Hiking treckking
2038,2018,1.6,UNITED.ARAB.EMIRATES,Hiking treckking
2039,2018,3.9,OMAN,Hiking treckking
2040,2018,0.5,KUWAIT,Hiking treckking
2041,2018,1.1,IRAN,Hiking treckking
2042,2018,47.9,CANADA,Hiking treckking
2043,2018,24.4,USA,Hiking treckking
2044,2018,22.9,UNITED.KINGDOM,Hiking treckking
2045,2018,47.4,IRELAND,Hiking treckking
2046,2018,18.2,SWEDEN,Hiking treckking
2047,2018,86.4,DENMARK,Hiking treckking
2048,2018,49.8,FINLAND,Hiking treckking
2049,2018,12,NORWAY,Hiking treckking
2050,2018,44.6,ITALY,Hiking treckking
2051,2018,49.6,SPAIN,Hiking treckking
2052,2018,33.8,FRANCE,Hiking treckking
2053,2018,67.3,BELGIUM,Hiking treckking
2054,2018,37.3,NETHERLANDS,Hiking treckking
2055,2018,38.5,GERMANY,Hiking treckking
2056,2018,96.4,SWITZERLAND,Hiking treckking
2057,2018,40.4,RUSSIA,Hiking treckking
2058,2018,25.3,AUSTRALIA,Hiking treckking
2059,2018,20.2,NEW.ZEALAND,Hiking treckking
2060,2018,1.3,SOUTH.AFRICA,Hiking treckking
2061,2018,1.2,CENTRAL.ASIA,Hiking treckking
2069,2019,4.5,SINGAPORE,Hiking treckking
2070,2019,2.9,THAILAND,Hiking treckking
2071,2019,1,INDONESIA,Hiking treckking
2072,2019,2.5,BRUNEI,Hiking treckking
2073,2019,6.2,PHILIPPINES,Hiking treckking
2074,2019,0,VIETNAM,Hiking treckking
2075,2019,14.5,CHINA,Hiking treckking
2076,2019,3.2,JAPAN,Hiking treckking
2077,2019,20.9,SOUTH.KOREA,Hiking treckking
2078,2019,29.7,TAIWAN,Hiking treckking
2079,2019,0.5,INDIA,Hiking treckking
2080,2019,4,PAKISTAN,Hiking treckking
2081,2019,2.6,SAUDI.ARABIA,Hiking treckking
2082,2019,4.3,UNITED.ARAB.EMIRATES,Hiking treckking
2083,2019,7.9,OMAN,Hiking treckking
2084,2019,3.3,KUWAIT,Hiking treckking
2085,2019,0.9,IRAN,Hiking treckking
2086,2019,10.3,CANADA,Hiking treckking
2087,2019,14.4,USA,Hiking treckking
2088,2019,11.1,UNITED.KINGDOM,Hiking treckking
2089,2019,5.4,IRELAND,Hiking treckking
2090,2019,6.8,SWEDEN,Hiking treckking
2091,2019,27.4,DENMARK,Hiking treckking
2092,2019,12.4,FINLAND,Hiking treckking
2093,2019,1.8,NORWAY,Hiking treckking
2094,2019,9.1,ITALY,Hiking treckking
2095,2019,16.6,SPAIN,Hiking treckking
2096,2019,11.8,FRANCE,Hiking treckking
2097,2019,4.7,BELGIUM,Hiking treckking
2098,2019,19.3,NETHERLANDS,Hiking treckking
2099,2019,15.3,GERMANY,Hiking treckking
2100,2019,30,SWITZERLAND,Hiking treckking
2101,2019,8.4,RUSSIA,Hiking treckking
2102,2019,9.3,AUSTRALIA,Hiking treckking
2103,2019,8.5,NEW.ZEALAND,Hiking treckking
2104,2019,4.1,SOUTH.AFRICA,Hiking treckking
2105,2019,4.1,CENTRAL.ASIA,Hiking treckking
2113,2016,0.1,SINGAPORE,Mountain climbing
2114,2016,0.2,THAILAND,Mountain climbing
2115,2016,0.1,INDONESIA,Mountain climbing
2116,2016,0.1,BRUNEI,Mountain climbing
2117,2016,0.4,PHILIPPINES,Mountain climbing
2118,2016,0,VIETNAM,Mountain climbing
2119,2016,0.3,CHINA,Mountain climbing
2120,2016,0.4,JAPAN,Mountain climbing
2121,2016,0.6,SOUTH.KOREA,Mountain climbing
2122,2016,0,TAIWAN,Mountain climbing
2123,2016,0.2,INDIA,Mountain climbing
2124,2016,0,PAKISTAN,Mountain climbing
2125,2016,0,SAUDI.ARABIA,Mountain climbing
2126,2016,0,UNITED.ARAB.EMIRATES,Mountain climbing
2127,2016,0,OMAN,Mountain climbing
2128,2016,0,KUWAIT,Mountain climbing
2129,2016,0,IRAN,Mountain climbing
2130,2016,1.2,CANADA,Mountain climbing
2131,2016,0.5,USA,Mountain climbing
2132,2016,0.6,UNITED.KINGDOM,Mountain climbing
2133,2016,0,IRELAND,Mountain climbing
2134,2016,0.4,SWEDEN,Mountain climbing
2135,2016,3.6,DENMARK,Mountain climbing
2136,2016,1.9,FINLAND,Mountain climbing
2137,2016,0,NORWAY,Mountain climbing
2138,2016,1.2,ITALY,Mountain climbing
2139,2016,1.8,SPAIN,Mountain climbing
2140,2016,1.6,FRANCE,Mountain climbing
2141,2016,8.3,BELGIUM,Mountain climbing
2142,2016,2.5,NETHERLANDS,Mountain climbing
2143,2016,2,GERMANY,Mountain climbing
2144,2016,0.4,SWITZERLAND,Mountain climbing
2145,2016,0.5,RUSSIA,Mountain climbing
2146,2016,0.7,AUSTRALIA,Mountain climbing
2147,2016,0.7,NEW.ZEALAND,Mountain climbing
2148,2016,0,SOUTH.AFRICA,Mountain climbing
2149,2016,0,CENTRAL.ASIA,Mountain climbing
2157,2017,0.4,SINGAPORE,Mountain climbing
2158,2017,2.4,THAILAND,Mountain climbing
2159,2017,0.1,INDONESIA,Mountain climbing
2160,2017,0.2,BRUNEI,Mountain climbing
2161,2017,0,PHILIPPINES,Mountain climbing
2162,2017,0,VIETNAM,Mountain climbing
2163,2017,0.1,CHINA,Mountain climbing
2164,2017,0.4,JAPAN,Mountain climbing
2165,2017,0.4,SOUTH.KOREA,Mountain climbing
2166,2017,0,TAIWAN,Mountain climbing
2167,2017,0,INDIA,Mountain climbing
2168,2017,0,PAKISTAN,Mountain climbing
2169,2017,0,SAUDI.ARABIA,Mountain climbing
2170,2017,0,UNITED.ARAB.EMIRATES,Mountain climbing
2171,2017,0,OMAN,Mountain climbing
2172,2017,0,KUWAIT,Mountain climbing
2173,2017,0,IRAN,Mountain climbing
2174,2017,17.4,CANADA,Mountain climbing
2175,2017,15.5,USA,Mountain climbing
2176,2017,0.5,UNITED.KINGDOM,Mountain climbing
2177,2017,0,IRELAND,Mountain climbing
2178,2017,0,SWEDEN,Mountain climbing
2179,2017,52,DENMARK,Mountain climbing
2180,2017,1.6,FINLAND,Mountain climbing
2181,2017,0,NORWAY,Mountain climbing
2182,2017,6.5,ITALY,Mountain climbing
2183,2017,1.9,SPAIN,Mountain climbing
2184,2017,1.9,FRANCE,Mountain climbing
2185,2017,44,BELGIUM,Mountain climbing
2186,2017,2.7,NETHERLANDS,Mountain climbing
2187,2017,6.2,GERMANY,Mountain climbing
2188,2017,2.9,SWITZERLAND,Mountain climbing
2189,2017,0.7,RUSSIA,Mountain climbing
2190,2017,0.8,AUSTRALIA,Mountain climbing
2191,2017,1.8,NEW.ZEALAND,Mountain climbing
2192,2017,0,SOUTH.AFRICA,Mountain climbing
2193,2017,0,CENTRAL.ASIA,Mountain climbing
2201,2018,0.6,SINGAPORE,Mountain climbing
2202,2018,0,THAILAND,Mountain climbing
2203,2018,0.1,INDONESIA,Mountain climbing
2204,2018,0.1,BRUNEI,Mountain climbing
2205,2018,0,PHILIPPINES,Mountain climbing
2206,2018,0,VIETNAM,Mountain climbing
2207,2018,0.1,CHINA,Mountain climbing
2208,2018,0.3,JAPAN,Mountain climbing
2209,2018,0.1,SOUTH.KOREA,Mountain climbing
2210,2018,0.1,TAIWAN,Mountain climbing
2211,2018,0.3,INDIA,Mountain climbing
2212,2018,0,PAKISTAN,Mountain climbing
2213,2018,1.6,SAUDI.ARABIA,Mountain climbing
2214,2018,2.3,UNITED.ARAB.EMIRATES,Mountain climbing
2215,2018,1.2,OMAN,Mountain climbing
2216,2018,0.5,KUWAIT,Mountain climbing
2217,2018,0.2,IRAN,Mountain climbing
2218,2018,0.2,CANADA,Mountain climbing
2219,2018,1.3,USA,Mountain climbing
2220,2018,2.6,UNITED.KINGDOM,Mountain climbing
2221,2018,0.6,IRELAND,Mountain climbing
2222,2018,1.7,SWEDEN,Mountain climbing
2223,2018,25.5,DENMARK,Mountain climbing
2224,2018,0.7,FINLAND,Mountain climbing
2225,2018,0,NORWAY,Mountain climbing
2226,2018,0.4,ITALY,Mountain climbing
2227,2018,0.7,SPAIN,Mountain climbing
2228,2018,0.7,FRANCE,Mountain climbing
2229,2018,3.5,BELGIUM,Mountain climbing
2230,2018,3.3,NETHERLANDS,Mountain climbing
2231,2018,1.7,GERMANY,Mountain climbing
2232,2018,0.5,SWITZERLAND,Mountain climbing
2233,2018,0.6,RUSSIA,Mountain climbing
2234,2018,0.6,AUSTRALIA,Mountain climbing
2235,2018,1.6,NEW.ZEALAND,Mountain climbing
2236,2018,0.6,SOUTH.AFRICA,Mountain climbing
2237,2018,0.2,CENTRAL.ASIA,Mountain climbing
2245,2019,0.6,SINGAPORE,Mountain climbing
2246,2019,0,THAILAND,Mountain climbing
2247,2019,0.5,INDONESIA,Mountain climbing
2248,2019,0.2,BRUNEI,Mountain climbing
2249,2019,0,PHILIPPINES,Mountain climbing
2250,2019,1,VIETNAM,Mountain climbing
2251,2019,0,CHINA,Mountain climbing
2252,2019,1.3,JAPAN,Mountain climbing
2253,2019,0,SOUTH.KOREA,Mountain climbing
2254,2019,0.3,TAIWAN,Mountain climbing
2255,2019,0.9,INDIA,Mountain climbing
2256,2019,1.2,PAKISTAN,Mountain climbing
2257,2019,1.5,SAUDI.ARABIA,Mountain climbing
2258,2019,0,UNITED.ARAB.EMIRATES,Mountain climbing
2259,2019,0,OMAN,Mountain climbing
2260,2019,4,KUWAIT,Mountain climbing
2261,2019,0,IRAN,Mountain climbing
2262,2019,1.5,CANADA,Mountain climbing
2263,2019,1,USA,Mountain climbing
2264,2019,1.1,UNITED.KINGDOM,Mountain climbing
2265,2019,2.2,IRELAND,Mountain climbing
2266,2019,0,SWEDEN,Mountain climbing
2267,2019,0,DENMARK,Mountain climbing
2268,2019,0,FINLAND,Mountain climbing
2269,2019,0,NORWAY,Mountain climbing
2270,2019,0.9,ITALY,Mountain climbing
2271,2019,1.1,SPAIN,Mountain climbing
2272,2019,1.7,FRANCE,Mountain climbing
2273,2019,0,BELGIUM,Mountain climbing
2274,2019,0.8,NETHERLANDS,Mountain climbing
2275,2019,0.9,GERMANY,Mountain climbing
2276,2019,1.2,SWITZERLAND,Mountain climbing
2277,2019,1.9,RUSSIA,Mountain climbing
2278,2019,1.8,AUSTRALIA,Mountain climbing
2279,2019,0.7,NEW.ZEALAND,Mountain climbing
2280,2019,0,SOUTH.AFRICA,Mountain climbing
2281,2019,0,CENTRAL.ASIA,Mountain climbing
2289,2016,1.5,SINGAPORE,Sailing yachting
2290,2016,0.5,THAILAND,Sailing yachting
2291,2016,0.2,INDONESIA,Sailing yachting
2292,2016,0,BRUNEI,Sailing yachting
2293,2016,5.7,PHILIPPINES,Sailing yachting
2294,2016,0,VIETNAM,Sailing yachting
2295,2016,2.8,CHINA,Sailing yachting
2296,2016,2.3,JAPAN,Sailing yachting
2297,2016,0.6,SOUTH.KOREA,Sailing yachting
2298,2016,3,TAIWAN,Sailing yachting
2299,2016,2.8,INDIA,Sailing yachting
2300,2016,2,PAKISTAN,Sailing yachting
2301,2016,2.7,SAUDI.ARABIA,Sailing yachting
2302,2016,0,UNITED.ARAB.EMIRATES,Sailing yachting
2303,2016,0,OMAN,Sailing yachting
2304,2016,0,KUWAIT,Sailing yachting
2305,2016,0.4,IRAN,Sailing yachting
2306,2016,0.5,CANADA,Sailing yachting
2307,2016,3.2,USA,Sailing yachting
2308,2016,3.1,UNITED.KINGDOM,Sailing yachting
2309,2016,0,IRELAND,Sailing yachting
2310,2016,0.9,SWEDEN,Sailing yachting
2311,2016,6.5,DENMARK,Sailing yachting
2312,2016,2.5,FINLAND,Sailing yachting
2313,2016,3.6,NORWAY,Sailing yachting
2314,2016,4,ITALY,Sailing yachting
2315,2016,2.7,SPAIN,Sailing yachting
2316,2016,4.3,FRANCE,Sailing yachting
2317,2016,2.1,BELGIUM,Sailing yachting
2318,2016,3.8,NETHERLANDS,Sailing yachting
2319,2016,3,GERMANY,Sailing yachting
2320,2016,5.2,SWITZERLAND,Sailing yachting
2321,2016,3.2,RUSSIA,Sailing yachting
2322,2016,4,AUSTRALIA,Sailing yachting
2323,2016,4.1,NEW.ZEALAND,Sailing yachting
2324,2016,2.8,SOUTH.AFRICA,Sailing yachting
2325,2016,2.8,CENTRAL.ASIA,Sailing yachting
2333,2017,3.7,SINGAPORE,Sailing yachting
2334,2017,0.6,THAILAND,Sailing yachting
2335,2017,0.3,INDONESIA,Sailing yachting
2336,2017,0.8,BRUNEI,Sailing yachting
2337,2017,3.3,PHILIPPINES,Sailing yachting
2338,2017,0.1,VIETNAM,Sailing yachting
2339,2017,1.6,CHINA,Sailing yachting
2340,2017,0,JAPAN,Sailing yachting
2341,2017,8.4,SOUTH.KOREA,Sailing yachting
2342,2017,1.5,TAIWAN,Sailing yachting
2343,2017,2.7,INDIA,Sailing yachting
2344,2017,1.6,PAKISTAN,Sailing yachting
2345,2017,1.8,SAUDI.ARABIA,Sailing yachting
2346,2017,0,UNITED.ARAB.EMIRATES,Sailing yachting
2347,2017,0.9,OMAN,Sailing yachting
2348,2017,0,KUWAIT,Sailing yachting
2349,2017,1.6,IRAN,Sailing yachting
2350,2017,6.8,CANADA,Sailing yachting
2351,2017,4.7,USA,Sailing yachting
2352,2017,3.2,UNITED.KINGDOM,Sailing yachting
2353,2017,0,IRELAND,Sailing yachting
2354,2017,2.9,SWEDEN,Sailing yachting
2355,2017,5.9,DENMARK,Sailing yachting
2356,2017,11.1,FINLAND,Sailing yachting
2357,2017,0,NORWAY,Sailing yachting
2358,2017,18,ITALY,Sailing yachting
2359,2017,0.9,SPAIN,Sailing yachting
2360,2017,9.1,FRANCE,Sailing yachting
2361,2017,40,BELGIUM,Sailing yachting
2362,2017,2,NETHERLANDS,Sailing yachting
2363,2017,3.9,GERMANY,Sailing yachting
2364,2017,8,SWITZERLAND,Sailing yachting
2365,2017,1.4,RUSSIA,Sailing yachting
2366,2017,7.7,AUSTRALIA,Sailing yachting
2367,2017,7.3,NEW.ZEALAND,Sailing yachting
2368,2017,0,SOUTH.AFRICA,Sailing yachting
2369,2017,2.4,CENTRAL.ASIA,Sailing yachting
2377,2018,1.9,SINGAPORE,Sailing yachting
2378,2018,0.3,THAILAND,Sailing yachting
2379,2018,0.2,INDONESIA,Sailing yachting
2380,2018,1.2,BRUNEI,Sailing yachting
2381,2018,6.4,PHILIPPINES,Sailing yachting
2382,2018,0.1,VIETNAM,Sailing yachting
2383,2018,1.5,CHINA,Sailing yachting
2384,2018,1,JAPAN,Sailing yachting
2385,2018,3.2,SOUTH.KOREA,Sailing yachting
2386,2018,1.3,TAIWAN,Sailing yachting
2387,2018,1.5,INDIA,Sailing yachting
2388,2018,0.2,PAKISTAN,Sailing yachting
2389,2018,0.5,SAUDI.ARABIA,Sailing yachting
2390,2018,0,UNITED.ARAB.EMIRATES,Sailing yachting
2391,2018,1,OMAN,Sailing yachting
2392,2018,0.5,KUWAIT,Sailing yachting
2393,2018,0.4,IRAN,Sailing yachting
2394,2018,0.7,CANADA,Sailing yachting
2395,2018,6,USA,Sailing yachting
2396,2018,4.1,UNITED.KINGDOM,Sailing yachting
2397,2018,0.6,IRELAND,Sailing yachting
2398,2018,3.8,SWEDEN,Sailing yachting
2399,2018,2.6,DENMARK,Sailing yachting
2400,2018,10.3,FINLAND,Sailing yachting
2401,2018,1.5,NORWAY,Sailing yachting
2402,2018,0.6,ITALY,Sailing yachting
2403,2018,0.5,SPAIN,Sailing yachting
2404,2018,2.7,FRANCE,Sailing yachting
2405,2018,3,BELGIUM,Sailing yachting
2406,2018,2.6,NETHERLANDS,Sailing yachting
2407,2018,3.8,GERMANY,Sailing yachting
2408,2018,5.1,SWITZERLAND,Sailing yachting
2409,2018,0.4,RUSSIA,Sailing yachting
2410,2018,5.3,AUSTRALIA,Sailing yachting
2411,2018,12.1,NEW.ZEALAND,Sailing yachting
2412,2018,0.6,SOUTH.AFRICA,Sailing yachting
2413,2018,0.4,CENTRAL.ASIA,Sailing yachting
2421,2019,2.8,SINGAPORE,Sailing yachting
2422,2019,1.3,THAILAND,Sailing yachting
2423,2019,0.1,INDONESIA,Sailing yachting
2424,2019,1.8,BRUNEI,Sailing yachting
2425,2019,6,PHILIPPINES,Sailing yachting
2426,2019,0.5,VIETNAM,Sailing yachting
2427,2019,6,CHINA,Sailing yachting
2428,2019,2.3,JAPAN,Sailing yachting
2429,2019,6.9,SOUTH.KOREA,Sailing yachting
2430,2019,4.1,TAIWAN,Sailing yachting
2431,2019,1.6,INDIA,Sailing yachting
2432,2019,0,PAKISTAN,Sailing yachting
2433,2019,1.7,SAUDI.ARABIA,Sailing yachting
2434,2019,0.6,UNITED.ARAB.EMIRATES,Sailing yachting
2435,2019,0.2,OMAN,Sailing yachting
2436,2019,0.7,KUWAIT,Sailing yachting
2437,2019,0.5,IRAN,Sailing yachting
2438,2019,3.9,CANADA,Sailing yachting
2439,2019,8.6,USA,Sailing yachting
2440,2019,2.7,UNITED.KINGDOM,Sailing yachting
2441,2019,1.1,IRELAND,Sailing yachting
2442,2019,5.5,SWEDEN,Sailing yachting
2443,2019,2.1,DENMARK,Sailing yachting
2444,2019,5.7,FINLAND,Sailing yachting
2445,2019,3.6,NORWAY,Sailing yachting
2446,2019,0.7,ITALY,Sailing yachting
2447,2019,0.5,SPAIN,Sailing yachting
2448,2019,2.7,FRANCE,Sailing yachting
2449,2019,0,BELGIUM,Sailing yachting
2450,2019,1.8,NETHERLANDS,Sailing yachting
2451,2019,1.1,GERMANY,Sailing yachting
2452,2019,5.3,SWITZERLAND,Sailing yachting
2453,2019,0.8,RUSSIA,Sailing yachting
2454,2019,5.1,AUSTRALIA,Sailing yachting
2455,2019,2.1,NEW.ZEALAND,Sailing yachting
2456,2019,1.4,SOUTH.AFRICA,Sailing yachting
2457,2019,0.6,CENTRAL.ASIA,Sailing yachting
2465,2016,0.1,SINGAPORE,Cruise
2466,2016,1,THAILAND,Cruise
2467,2016,0.1,INDONESIA,Cruise
2468,2016,0,BRUNEI,Cruise
2469,2016,0,PHILIPPINES,Cruise
2470,2016,0.1,VIETNAM,Cruise
2471,2016,0.2,CHINA,Cruise
2472,2016,0,JAPAN,Cruise
2473,2016,0,SOUTH.KOREA,Cruise
2474,2016,0,TAIWAN,Cruise
2475,2016,0.8,INDIA,Cruise
2476,2016,1.3,PAKISTAN,Cruise
2477,2016,0.9,SAUDI.ARABIA,Cruise
2478,2016,0,UNITED.ARAB.EMIRATES,Cruise
2479,2016,3.1,OMAN,Cruise
2480,2016,0,KUWAIT,Cruise
2481,2016,0,IRAN,Cruise
2482,2016,0.2,CANADA,Cruise
2483,2016,0,USA,Cruise
2484,2016,0.1,UNITED.KINGDOM,Cruise
2485,2016,0,IRELAND,Cruise
2486,2016,0,SWEDEN,Cruise
2487,2016,0,DENMARK,Cruise
2488,2016,0,FINLAND,Cruise
2489,2016,0,NORWAY,Cruise
2490,2016,0.8,ITALY,Cruise
2491,2016,0.9,SPAIN,Cruise
2492,2016,0.1,FRANCE,Cruise
2493,2016,1,BELGIUM,Cruise
2494,2016,0.6,NETHERLANDS,Cruise
2495,2016,0.2,GERMANY,Cruise
2496,2016,0,SWITZERLAND,Cruise
2497,2016,0,RUSSIA,Cruise
2498,2016,0.1,AUSTRALIA,Cruise
2499,2016,0.3,NEW.ZEALAND,Cruise
2500,2016,0,SOUTH.AFRICA,Cruise
2501,2016,0,CENTRAL.ASIA,Cruise
2509,2017,0.2,SINGAPORE,Cruise
2510,2017,6.5,THAILAND,Cruise
2511,2017,0.2,INDONESIA,Cruise
2512,2017,0,BRUNEI,Cruise
2513,2017,0,PHILIPPINES,Cruise
2514,2017,4.8,VIETNAM,Cruise
2515,2017,3.4,CHINA,Cruise
2516,2017,0,JAPAN,Cruise
2517,2017,8,SOUTH.KOREA,Cruise
2518,2017,0,TAIWAN,Cruise
2519,2017,0.8,INDIA,Cruise
2520,2017,0.3,PAKISTAN,Cruise
2521,2017,0.4,SAUDI.ARABIA,Cruise
2522,2017,0,UNITED.ARAB.EMIRATES,Cruise
2523,2017,0.9,OMAN,Cruise
2524,2017,0,KUWAIT,Cruise
2525,2017,0,IRAN,Cruise
2526,2017,5.3,CANADA,Cruise
2527,2017,0.4,USA,Cruise
2528,2017,0.1,UNITED.KINGDOM,Cruise
2529,2017,0,IRELAND,Cruise
2530,2017,0,SWEDEN,Cruise
2531,2017,0,DENMARK,Cruise
2532,2017,0,FINLAND,Cruise
2533,2017,0,NORWAY,Cruise
2534,2017,25,ITALY,Cruise
2535,2017,0.5,SPAIN,Cruise
2536,2017,1.9,FRANCE,Cruise
2537,2017,0,BELGIUM,Cruise
2538,2017,7.3,NETHERLANDS,Cruise
2539,2017,0.2,GERMANY,Cruise
2540,2017,0.7,SWITZERLAND,Cruise
2541,2017,0,RUSSIA,Cruise
2542,2017,0,AUSTRALIA,Cruise
2543,2017,9.7,NEW.ZEALAND,Cruise
2544,2017,0,SOUTH.AFRICA,Cruise
2545,2017,0,CENTRAL.ASIA,Cruise
2553,2018,0.7,SINGAPORE,Cruise
2554,2018,0.1,THAILAND,Cruise
2555,2018,0,INDONESIA,Cruise
2556,2018,0.1,BRUNEI,Cruise
2557,2018,0.1,PHILIPPINES,Cruise
2558,2018,0.2,VIETNAM,Cruise
2559,2018,1.1,CHINA,Cruise
2560,2018,0,JAPAN,Cruise
2561,2018,0.4,SOUTH.KOREA,Cruise
2562,2018,1.7,TAIWAN,Cruise
2563,2018,0.5,INDIA,Cruise
2564,2018,0,PAKISTAN,Cruise
2565,2018,0.7,SAUDI.ARABIA,Cruise
2566,2018,2.3,UNITED.ARAB.EMIRATES,Cruise
2567,2018,2.4,OMAN,Cruise
2568,2018,0,KUWAIT,Cruise
2569,2018,0.9,IRAN,Cruise
2570,2018,2,CANADA,Cruise
2571,2018,1.1,USA,Cruise
2572,2018,0.8,UNITED.KINGDOM,Cruise
2573,2018,0,IRELAND,Cruise
2574,2018,2.1,SWEDEN,Cruise
2575,2018,2.6,DENMARK,Cruise
2576,2018,0,FINLAND,Cruise
2577,2018,2.3,NORWAY,Cruise
2578,2018,0.2,ITALY,Cruise
2579,2018,0,SPAIN,Cruise
2580,2018,0.7,FRANCE,Cruise
2581,2018,0,BELGIUM,Cruise
2582,2018,2,NETHERLANDS,Cruise
2583,2018,1.1,GERMANY,Cruise
2584,2018,1.5,SWITZERLAND,Cruise
2585,2018,0,RUSSIA,Cruise
2586,2018,1,AUSTRALIA,Cruise
2587,2018,0.8,NEW.ZEALAND,Cruise
2588,2018,1.3,SOUTH.AFRICA,Cruise
2589,2018,0.4,CENTRAL.ASIA,Cruise
2597,2019,0.4,SINGAPORE,Cruise
2598,2019,0.5,THAILAND,Cruise
2599,2019,0.5,INDONESIA,Cruise
2600,2019,0.3,BRUNEI,Cruise
2601,2019,0.7,PHILIPPINES,Cruise
2602,2019,0.5,VIETNAM,Cruise
2603,2019,1.1,CHINA,Cruise
2604,2019,1.9,JAPAN,Cruise
2605,2019,1.3,SOUTH.KOREA,Cruise
2606,2019,1,TAIWAN,Cruise
2607,2019,1.3,INDIA,Cruise
2608,2019,1.4,PAKISTAN,Cruise
2609,2019,1.1,SAUDI.ARABIA,Cruise
2610,2019,0,UNITED.ARAB.EMIRATES,Cruise
2611,2019,0.2,OMAN,Cruise
2612,2019,0.7,KUWAIT,Cruise
2613,2019,4.7,IRAN,Cruise
2614,2019,0.5,CANADA,Cruise
2615,2019,0.9,USA,Cruise
2616,2019,0.7,UNITED.KINGDOM,Cruise
2617,2019,0,IRELAND,Cruise
2618,2019,0.7,SWEDEN,Cruise
2619,2019,0,DENMARK,Cruise
2620,2019,0,FINLAND,Cruise
2621,2019,0,NORWAY,Cruise
2622,2019,0.9,ITALY,Cruise
2623,2019,1.1,SPAIN,Cruise
2624,2019,0.1,FRANCE,Cruise
2625,2019,0.6,BELGIUM,Cruise
2626,2019,1.3,NETHERLANDS,Cruise
2627,2019,0.2,GERMANY,Cruise
2628,2019,3.5,SWITZERLAND,Cruise
2629,2019,0.8,RUSSIA,Cruise
2630,2019,0.6,AUSTRALIA,Cruise
2631,2019,2.8,NEW.ZEALAND,Cruise
2632,2019,0,SOUTH.AFRICA,Cruise
2633,2019,0,CENTRAL.ASIA,Cruise
